whisper-tiny,file
" Jeg har med mig, at første fremne er det, at Danmark har forplikte det til at lege op til det her international forplikte. Jeg synes også, at det skal se i sin større sammenhængen, hvor vi som lille den nu kan være med til, og påvirke beslutninger.",Brigitte Klintskov Jerkel_video_41_start_4-02-44
" – og er det kandmanen, eller ikke gør at det. Og når der kommer ind i videoel af en syn i en bygget bolje eller kombination. Så er det så vise, at man har jo at skønne i hendesyn til alle de faktorer, der gør så gældene, både i området, det kan være lokal planer. Det kan være registrede fortis problemer her under i Europa en ståhål. Og så er det også noget, når man kan være en andre mer gyn bygget til at lage sig.",Hans Kristian Skibby_video_40_start_3-41-16
" første fremens det her med at de skulle være en ekstra straf, at politide over for meter. Ikse dem vi skal redge gøre for, om det er udlæninger, der har begot en gruppe valtag. Det er det instet, de skal redge gøre for at de står i forslæde, at de skal ikke være personen hæn for at bare et. Man skal bare vide, hvad man har det det har begot. Hvem vil køre tjuber, og mennesker at det har begot, den har tjuber krimmer tid, fordi vi godt vil. At særligt tjuber, personen fra alle krimmer tid, bliver begot, er særligt med en møslede indvandro.",Mikkel Bjørn_video_44_start_3-07-39
" I Danmark, der var at sækste af fængsfængs, der var en visten sikte, har gjort noget straffpart, som har en strafferramme på i dag og sæksmålers fængsel. Der er også også gædder, hvor der er et resekruf for, at den sikte flygt og at den sikte vil begygge nye løver og trætse. Eller at den sikte vil prøve over for hende opplaringer sænd, for eksempel, hvad slet simspor, på virkevidner eller med i gæringsmænd. Det synes jeg også om sig, der er rett fint argumenter for at vart sækse fængsfængsle. I Danmark, der er ønsker vi ikke at gæringsmænd, som kunne være sikte, at for frukt, de for brudelser som vi som med ubrudselen.",Betina Kastbjerg_video_44_start_5-34-01
" – og jeg har høvet ministerens i. Ministeren er meget over den overfør – – – kun krede forslæ. – kun krede forslæ på det her måde. Det er område med miljø. Tilpassning samarbejde med kommunerne ligger rejt i meget prosinet. Så jeg bliver semplere nødt til at kunne jeg gøre, – – at sæftes overfører på det her område, det er simpelthen ikke correct.",Charlotte Bagge Hansen_video_40_start_1-59-38
" Det er jo ikke det slags løv for at slagbejde, vi har haft. Jeg godt kom, at vi har fået måten med stag eller se, vi har nu bare lavet løv en selv. Så vi har flyfet også jo, hva er det? Så skal vi ikke bare kom, at det kan godt slag selv. Så vi har rås med en folgningens kleder i jul, vi har hårdt i ekspedit i folgningens sældener, det ser frem i måde. Njobbejde kommer til at støtte. Løv så vil vi ikkeøre ved det.",Kim Edberg Andersen_video_40_start_0-15-35
" I en tag for det er og tagt synes jeg også for en tell, der fødes lidt tilbage i historiøbøren, og man skal se følge også tilbage i historien for at blik lår i forhold til framtiden. Selg så har jeg jo intressiden med lidt for den elfte, de sæmper 22.2. Det er sådan se, at hætter at vi korer gænne har sidet vid marknaderne s fu. Herne s fu er stag i smyster.",Anders Kronborg_video_41_start_4-33-32
" Det er det kun, hvor fem halvt. 300.000 kroner, der er afgjord udviklingende kunstinsilgens. For den maksostud, vi skidte til, de 15.000 kroner af sat til en strategisk gramme for udviklinget kunstinsilgens. For at præsper for øreligere investeringet kunstinsilgens. Jeg tror, at forhørner en i mæmer i at det er, den offlineste, der skal investere i kunstinsilgens. Hvor slags høres gemæret, og investere i kunstinsilgens, og det er ikke for meget som de tiltingsminister,",Marie Bjerre_video_41_start_1-25-35
" Det er jo forskellige kriterer, for at være en kvadsingsfængslig folk, for at få man gør det, der er jo oftindre rigtig god begrudelse for gør det. Og var for de vi gør det i højre grad, en i landen, men i andre sammen hængen, når man ikke vil samme lige nøs med. Så det er ikke et udstrøk for at vi nu rente, vi skal af på gældsboe i Danmark. Det kan være vi både bedre, en vores næbulen, eller den binomælde, hvor samme lige nøs med.",Peter Kofod_video_44_start_5-53-47
" Vi skal huske, at når vi frisker, så handler det, det er der, hvor man har fritid til at gøre noget. Og så skal man diskutere her, hvordan man har kontrollet med, når vi så skal være, med den har friskelse. Og specielende det kommer til natur og miljøerområdet for at tage den. Jeg har man sablele op over i at gøre der kommuner.",Birgitte Vind_video_40_start_1-50-09
" Hvis man kan få en forvægget, og det vil vi envistregen, er man også i at tilligt til, at det låg gyrlænger også den der søsede skal løve de folige, hvor der er en, at de tørne høde det, for sig selvfølgelig nu ved den, og så ved den, at den ved den, at det er en god om i, at sig var i brændige beslutningskonvereret, og det skede til at blive os for at tripe den beslutninger om, kan der laves den her blæpp, og det skal laves den her bygger i eller makardalævs aktiviteter, på den porke eller den, hvad tredje som der ønske slående aktiviteter på.",Erling Bonnesen_video_40_start_3-30-04
" Tak for spørgsmål, er jeg enige af tellen for fronttext, de understørge at vi står i en mikrosionskriset. Vi skal tilbage til 2020, så er det en side, for at finde et år, hvor der var flere. Spontane, at sølgeligens søger under er i år. Det har en omstort konsekvenser, for det første er der, 20.000, 20.000, 20.000, 20.000 døre på vejre år. For det er en af et rigtig mange, mennesker, så mennesker, så mennesker, og så krav, der med væsnesker, og efterladt i nærmålende. Det er derfor virer i gangene arbejder for at nytte.",Kaare Dybvad Bek_video_41_start_0-58-18
" Fult tilgægene i og kommer, hvad i minste år som et del, er den, at man kan stage det stigks og olige kapot, kremnellt tiden i hver enkelt år. Så de ordblikseligninger er jo tilgægene i, og det er jo et en meget relevant, og vedholdende del, at nokfne det bedt, men algør det, som han medgelbørne forroslå, nemlig at det tagerle regule er, hvor den er politik i konkrete sig i røsjoner, udsætner sin elementer, udfrandt politikfærdig, hvor det er en tjev, hvad der skal tjev for,",Peter Hummelgaard_video_44_start_2-52-19
" Det er en af regændig som enles og som er med at gerne giv den service og bløsning for de vensterkommet, er rigtig godt synes jeg, for at tiltiktsvøsbelde en foltingsvalder. Vi er nu på et år gemme for at to ud af de 3 forslag som vi kom med. Det er rigtig stål af, at vi har sørg for at sækere at vi nu har kunne sætte, som mange flubbeind på så kort tid.",Sophie Løhde_video_41_start_0-37-11
" Som ministeren insisterer på det, jeg også selv insisterer på det af du, at politiet har mulighed for, og pass dig sig arbejde. Og gør det på den mod, som de også selv synes, at den beste måde gør det på. Og det er opleve nænde, og brug, sin en af mange. Og jeg ved ikke, hvorover for en harte end der forstål, så jeg har ikke man ikke gør det, at jeg synes i flakker. Man havde i vise af politiet, også brug, hvor den forstål til at udbejde i 17. har også noget med en laver, sin en af mange af fordi den nedup skal bruge stjør gå opklaren, og noget de meget vores liv forbud.",Bjørn Brandenborg_video_44_start_3-00-24
" Jeg er der så præstført, den andet flere her i at trøve jer, at jeg størgfæst på mig i et synespunkt. Det går jeg af den godet. Jeg synes det lærer os, ligger færdes, hvor os ledes børger anskommens her er begrevet, og så forsøg os målet, fordi indfæmmer det i sugese, hvad som er tofemmmer det i sugese. Jeg synes ikke, der er meget loger ikke, og hende det, at vi er og råd den vej, du gik, at vi er for meget sik. Og det vil også være den opstæftes, at den rædes, når jeg synes, vi skal følelte fremmer over, når vi skal vider, at den vej normalke, at det vil, så indi om, meget glere bygde op, og det bliver nogle værdier, men her.",Magnus Heunicke_video_40_start_1-14-14
" Vi vil bejere sammen en traceret i at vi har den med at bejrene i kommunikere omligt med de elektropåret. Det handler om, om at den er en skur, og den løg, så vi har problemet best muligt. Det spår bare, som kan være, at man har problemet med spåret. Det gør også, at vi har oplevet en hud, at man vil svele andre ting, som besværlige hørt.",Fie Hækkerup_video_44_start_6-32-18
" I hjælpe og vejledning til hos virksomhed og offlen møndigheder af bruget kunstinske. 2-lid måde med en af faktisk, vi har meget store opgav i og hjælpe og vejlede og rødkir, hvor os virksomhed og i brun af kunstinske ligens. Men derfor uinheden og opstår, der er, vi skal andre lage et udvid forsægtighedsprænsip. I forhold til kunstinske længer, at de vejledning og rødkir, og nænke vikker, hvor os virksomhed og flindigheder, de skal følge for ordningen over en varammerndighed, vilke begønne og la jo nogen nogle andre retningslinier.",Marie Bjerre_video_41_start_1-24-29
" og det er en meget pladsfemmigt, der er en meget godt for nogle over osiden, og det er en her igen. Det er en her gørt, at jeg ved at joe med, og bakkning i forget tinges som jeg vil ikke skal deponere gå af ud fra sin hårling, at nu, og gæne, nu, og steder.",Lars Løkke Rasmussen_video_41_start_0-13-19
" Det er der, der er fremskret, der er også andre fremskret, der som prækker forholdt i det forhandlinger, der har været i USA, der er en kring i fældelse, minumumssat, som er også en måde, og kom noget, det her til løs. Og at der er derfor skæt de mekkernisme, som er en arbejder på en føre for at kunne, som er en skætte i virksundet, som ikke bliver beskatter om, det der var de hjemhørn.",Pelle Dragsted_video_41_start_2-47-30
" – og man er lidt over folk, så er det ikke, at det er forhovede inden for laver om de fleste af, – – og så er det så blivit at øde et marge. Men der er jo faktisk også, i laver om hvordan de forziller, der er nogle af, – – jeg tror, de fri i hælder, de ikke det, så man har meget, du kømmer, ikke der kommer meget med, – – at putte de puny. Og virkelig, at den er en af, – – vi sækter nogle, det har jo et bygte med, de gamme materialer. Så for at vi det bare, at putte de punyet. Så bliver det så vældig social af, – – i fra kjeren og først, en så kommer de putte de punyet lige, – – og det er ikke det vi ønsker. Vi ønsker, hvad det er blakken brot, enden til noget visul smog, – – eller til noget prækterskrops. I gerne alt det vi kan bruge til gruske, –",Kim Edberg Andersen_video_40_start_1-02-07
" Nu bliver jeg ikke så bedre, at det er uoførn til at de er det ved at uoførn kan der mig godt nok til, at vagt af og ganske din og ikke lige det der ligger i min DNA. Det er, og for der til, det er kommet nogle konkret mere flere konkretexampler. Det er for sætent, fordi der er ikke nogle herinde, der er uan i, at væske sætent på alle par med, der som bekan.",Charlotte Bagge Hansen_video_40_start_2-08-20
" Jeg er ene, vi har en udfordring i forhold til både fatliteelset udfordringer, som ministerne under med at være 4. Der har udfordringer med ny årse med med befolkningsvext, der går den forkredet. Men tid er og gørne for sådan noget, det er veldig gørne, at vi vil løke fatliteelset forløb, og som vi lige var importerer, der vende tid er. Det er ufryvig lige bare lidt fedteltes behandlinger. Det kan at nemlig være extremt opslidende, som vi ministerne også var importerer.",Louise Brown_video_41_start_0-35-35
" – og til at trossalte ønskøres, og det her er det her, og det her er det regering, – – lødder til at lødder til de mange organisationer, som også parer på, – – at vi har behået for den her undersøgelse her under faktisk også, mennesker. Og det er det som ser jo en stressant, at det både er kvende organisationer, – – og organisationer der er repressentager med, som mener, at vi er bruget for mere ved, – – og det er også, og det synes jeg faktisk, vi skule og offrene.",Karina Lorentzen Dehnhardt_video_44_start_4-44-22
" Vi mægde, at det er også af sævlæv en insats. Det er godt i fleste. Vi lød med en historieregingspartiet, at vi får på en til at noget er problemet, for det er vejne. Det er vi en i, at nogle for en afstantelskommens forsøger og gør noget. Men det er hende, vi står selv bare lige som med det er passende, at vi er vændigt vinkt.",Erling Bonnesen_video_40_start_3-31-26
" Det tror jeg, der helt klart, at det kan være en vejre gode. Vi sætter os sammen og sige, ok, hvad kan vi opnå politisk, enigheder om skerhantere sig for ordningen, hvad kan vi begynde og gøre eller gøre noget. Og vilke tænke synes vi er vigtig, som for ordning ikke kommer til at håndtere. For ordninger kan man økte at håndtere det faktum, at hvis der er nogen der har under de sækte, og vi bruger de i pækse under teknologiere til at sprede mission for missionet, det er sted blisere vores samfund.",Lisbeth Bech-Nielsen_video_41_start_2-30-46
" Og jeg tager ikke. Jeg vil gerne lige alle afført sig, at vi skal have været en god og grund i gænden gang, og fra socialem og kunder, så er det andet gang, hvor jeg har op i, der minutter med at grund i, vil jeg vil have været gerne se, men jeg er ikke andet, så følger jeg også at det ikke er det mest, vi lyft de lovforslaget, det vi behandler her. Det er et mindre lovforslag som sikker, om bedre præcisering i forhold, sikker, hvor er bedre, er ret sprundlager i forhold til, hvis det bliver omfatter at miljøske.",Hans Kristian Skibby_video_40_start_0-08-46
" Derfor tildelt danskstavsportskapet, så er man jo danske. Det er for at gå ned igen ikke forståt. Den forskel, som danskfaldet vil tillæver. Der er denkstavsporter, at denkstavsporter udensigt, hvor den man vinner drejer. Så man er der, så er der tilføt til dansfaldet, at det er denkstavsporter.",Rosa Lund_video_41_start_4-14-09
" Læmpe som er der ikke, vil stærse den kommuner. Nye bydel skal bruge bærtøgt i bygget materialer. Lævde, hvis man sige ekstra lævt, og så er det forbrug i et bygget. Vi har et stort planler om sikker, den kommunen. Man kan også godt, de, hvis man går virkelig, hårdt til, at man skal sikre, der er godet til at brælle alhusen.",Søren Egge Rasmussen_video_40_start_2-32-23
" til SF for at stille det her forslag. Det var faktisk et så mjælgelig en ting, der vi skulle stille i Danesfordl på tid. Så det var bare en glædlig år, at der er der, der er der, der er der, der er der, der er der, der er, der er, der er, der er, der er, der er, der er, der er, der er, der er, der er, der er, der er, der er, der er, der er, der er, der er, der er, der er, der er, der er, der er, der er, der er, der er, der er, der er, der er, der er, der er, der er, der er, der er, der er, der er, der er, der er, der er, der er, der er, der er, der er, der er, der er, der er, der er, der er, der er, der er, der er, der er, der er, der er, der er, der er, der er, der er, der er, der er, der er, der er, der er, der er, der er, der er, der er, der er, der er, der er, der er, der er, der er, der er, der er, der er, der er, der er, der er, der er, der er, der er, der er, der er, der er, der er, der er, der er, der er, der er, der er, der er, der er, der er, der er, der er, der er, der er, der er, der er, der er, der er, der er, der er, der er, der er, der er, der er, der er, der er, der er er, der er er, der er er, der er er, der er er, der er er, der er er, der er er er er er, der er er er er er",Mette Thiesen_video_44_start_4-43-26
" Men i stansier, at skal være lokalt frahed og lokalt ansvaret. Det kan jeg sådan se, at det ikke være ude ind i, men samtidigt fra amlækker af gang i år. I et forslag er man nu skal der af mere spårstødere spårskræning til sociala. Sånnhøs, det er jo det jo daeligt. Men det går, måske lidt i måde, de tagte tanker som er gæng, måske allas, hævper område. Jeg skal ikke kunne se, om der er noget, der. Der er så sagt, social med nye stern, jeg har man kvalt til ikke en skal være i orden. Og man skal sette nogen mål.",Marlene Harpsøe_video_44_start_6-21-19
" Jeg har taget for det, at taksere for at få fremdagsidsen, synes synespunkter. Det er noget planlerne, som er det i steder, man måske skal se kommunerne fri. Jeg ved, at man kan med det med det, at man er i marke. Ure syn, at man sidste er endret i planler og givning, så det har jeg ikke snynit. Man må ikke få kommunerne og sætte fri.",Birgitte Vind_video_40_start_2-31-48
" Vi sted dig til grundlageret vi har nu ikke godt nok, og som i virkelighedet af flere domme, en man hed fra 2000. Og det 2000 er to, hvor der blev langt fære, dømt forvalt sægt, og langt fære sægtet. Vi stedet ikke godt nok, at det overførende så står siger nu, at der er forkære det sægtelse, eller forkære det domme.",Karina Lorentzen Dehnhardt_video_44_start_4-00-48
" Spørsmål, vi skal prøve af græns, det er i forhold til, hvor er det vi mener, men skal kunne indelede fra kænsesære af stadsbåret skapet. Så er det noget, det kommer til kriminalitet af særlig farligt kaktere, særlig forbrudelser, valdtæksforbrudelser, men det er også korrekt fortørlgedet, at det er et svigt, limmervilden kriminalitet, men indelige begår med det ikke fordi liberal af ljæring til ønsker.",Sandra Elisabeth Skalvig_video_41_start_3-57-08
" – at naturer miljø, det er noget ved deler med hinanden. Så vært du ikke en kommun og hvad du underleder ikke en kommun, det parvier også, – – at der kunne manne det godt er også på, at det er også bygte, hvad det er til den. Så har jeg forsøgte, der er så enkelt. Men det er unskuld. Og for en af fuldstand i rett i forhold til, at der er også noget af teller, om bym med det. Og så ved der. Og det er også noget, hvis det er rigtig stor pris på, og det er jo de her af teller. Men de gænte det, og noget, vi stedre ikke har en i hanget med, og vi håller at øjne med, og vi kan følge det.",Birgitte Vind_video_40_start_1-48-19
" Det er ikke så simpelthen, at det er medgjene. I har også beskryvet et med citiet. Og her komst for de domfældde. Det er jo sådan se, det er jo sådan se, det er folk tinges bor her. Jeg vil godt mærke som på at ratsplagne i Danmark, som er en løv af en ure spung der offen i dom af offen. Det er ikke hun også.",Preben Bang Henriksen_video_44_start_3-04-20
" Vi er altså sammen ind i Kat. Jeg tror, at vi står til at altså sammen har haft nogle relationer. Til måde anfånd kan har haft i forret til syv, hos, hos, hos, hos, hos, hos, hos, hos, hos, hos, hos, hos, hos, hos, hos, hos, hos, hos, hos, hos, hos, hos, hos, hos, hos, hos, hos, hos, hos, hos, hos, hos, hos, hos, hos, hos, hos, hos, hos, hos, hos, hos, hos, hos, hos, hos, hos, hos, hos, hos, hos, hos, hos, hos, hos, hos, hos, hos, hos, hos, hos, hos, hos, hos, hos, hos, hos, hos, hos, hos, hos, hos, hos, hos, hos, hos, hos, hos, hos, hos, hos, hos, hos, hos, hos, hos, hos, hos, hos, hos, hos, hos, hos, hos, hos, hos, hos, hos, hos, hos, hos, hos, hos, hos, hos, hos, hos, hos, hos, hos, hos, hos, hos, hos, hos, hos, hos, hos, hos, hos, hos, hos, hos, hos, hos, hos, hos, hos, hos, hos, hos, hos,",Pia Kjærsgaard_video_44_start_6-45-11
" Nist og næller det, hvad jeg er en kætsbørsmål til. Det er ikke på nu, at der er nogen der forsøger. Og fejnede den er det bedt under guldsepel. Og jeg synes faktisk er råføren, at det er jo opførnens sier. For det er synes faktisk er nogen der er løges med, og beskrevet nogen der er et blandende med, for mange, enden man der er begårlbål, at det kan man er et sier. Jeg synes, at det er nogen der er god til at beskrevet, når det er begår, at det er sier, at det er sier, at det er sier, at det er sier, at det er sier, at det er sier, at det er sier, at det er sier, at det er sier.",Bjørn Brandenborg_video_44_start_2-59-01
" og ikke forhom man. I er men vi stødder også forslaget, det er positivt, at man med det er forslaget en føre, flere, defensivt for en stættning af over for sællesgaper i skætdelighet.",Pelle Dragsted_video_41_start_2-43-48
" – og køste ind af Urumikkel. Rafalag, der ikke lirkortet om erkringens sovvis i attacket selv. Og det række flere som har bed om ordet forhandlingen slutteret, – – at få et fortætte hendevises til en vise uvejlede, og sænker en sild til betragt af det, som betrættet, og det er vættet. Og så er vi klar til den næste punkt på der også, der er det på en slags, – – og det er fast det behandlinger bestudningsfråste, der er nogle b4-hælds.",Erling Bonnesen_video_40_start_2-57-57
" Der er ikke det, at så nogle udstrøgte, der vil kende sigen, den nylder, der er også som bliver lagt på båret. For så kan jeg sige på forholden, så står der en svalg på CIA. Altså, en alt-trag lav skal en andre holde nøde, som man kan få stå. Flere spårspejter, god gik. Altså jeg må be overføre, når man glæmte det over. Og så sidste af, at de nationale standarder, der er jo, men det har jo ekspor og gør mig, med biokratie eller 2.5.",Pia Kjærsgaard_video_44_start_6-33-24
" Hører, at få man lige en harvsøre er en i at sprovervigtigt. Det tænker jo også med den af fange, som jeg udbør for på i at kæreskrover, men lige en harvsøg har et tilbage. Eller for at uden for at kristensbore, at det ved jo om nogle, at det er udsrolig vigtig vigtig vattendt sprolig i betyning. Jeg vil nogen fasthålle at den bevældse, som jeg mener, der grund bevældsen, og det er nye hjælper som kommer her i sin full link, der om et på.",Mette Kierkgaard_video_44_start_6-20-11
" for oslæv, hvor der står. Føget tænker på alle gørre gæringene i ene verne. Føget tænker sig også ud af bade initiatorisemsikre et politiet altid. Nård sødten er to rød i, obløser et præcis, siden alle mange udgilse, der er derne på, der er langt sæl, at spætter fikre hænse. Det er jo ikke meget der står, at det kommer til at skade efter forstningen. Det er jo lige præcis, det står og vigtig aktører. Som i sammen vi står med for en en øjst politiet, som både er et dæk her forslag, det kommer til at gøre mere skæringer.",Mai Mercado_video_44_start_3-35-25
" – og så er der som hundes uddanses udspældse. Det er ikke meget bekendt, det er ikke elter lovende, – – men det var fra liere i socialspældet. Derfor amgår det. I virkelige en så godt jeg ikke så meget, – – og vi er værdet for nogle år. Vi skal udspælde, at jeg kommer og bivre, – – at skapen og løsninger der faktisk virkelede lokaler. Det er en i prøv sime, – – jeg synes en siden til for 90. Adv i for eksempel, uddannere vores underviser på skolen, – – at kunne løfte de spårligt svalet.",Fie Hækkerup_video_44_start_6-34-02
" Udspiller, der er sikker på, der er i alt som efter sport. Er nogle omgang, og jeg er glæd for at vi lille om lidt kælke, ikke det frem, så vi også kan komme i gang, hvad forhandlinger, som er en af glædermer til. Og kom i gang med hos her. Vi har ikke alt 12, nogle planer omkring spåkkurse som sørgte, men spørgene har fullt sted en retning, at intender som en alarreskraft af, og sådan setsning, og at få kunne som bruge for regering, og hvis vi sølgelig sikker at drater den fornede en af kvalcid omkring.",Mette Kierkgaard_video_44_start_6-25-36
" – og så er det også forholder i råd. Vi har været til at have to forhandlingsmøder, – – om det er konkreddeligt af medtabilejningsne, som er noget i missionen, – – og genmulede for at lave lopforstalere, som leveren stemmer og tagele persist. Hvorforhandlinger om at genmulede for at genmule forfreddelere, – – til at indføre det, er hendesvund til glimme, – – og den grødermstilling i transportsektet, –",Magnus Heunicke_video_40_start_1-31-38
" Jeg vil have ikke. Det er ikke nogen problemer med strafighedningerslisten. Nu er jeg med repjejret, at man får slags til at få slags. Vi skal diskutere her i morgen. Så må jeg sænne lang straf. Jeg er tilverdag. Og så ratsvarfør jeg eneslisten. Og i morgen tænker jeg lige kan læge en lille postet. Jeg har med repjejret. Så en kan se, hvor mange gangen inderslisten har været med til at her strafene. Forfragsæmmerlekonomskriminalitet. Forfragsæmmerleitet kan tale kring du sig.",Rosa Lund_video_41_start_4-11-30
" Der er det jo vores generellt opfærdelsværdet, at lov en sådan et dag, eller er det kantier, de udfordringer som der er. Så kan man så måske kigge lidt på om det er en cybler, hundhæret i, er så som har som det burt, men altså rælder, den synes vi er affin.",Alexander Ryle_video_40_start_3-45-24
" Jeg har bled kontakteren, måskeret i sammen går for at komme kontakteret over for en i forhold til. Der er nogen udfordring, hvor det er der, der er bedstemt. Man kan valse de diskutere vandesborder, som mener længere, vi kvallet ser at blænde det der er. Skart går andre ting som spår til at gøre det, hvor vi mækker på 11. e-sport til at gale over noget sammen kan du i.",Kaare Dybvad Bek_video_41_start_0-55-22
" og for lidt mange gang, at det er jo været helt om, der havde jeg ind i dårplik af, en dårplik af, at få pierkarskå, hænger på middagverse. Danmarks hjemmelighedel på stoder, fordi jeg har nemlig også alt så kæmpe for hjemplager, det har få pierkarskå og så gjål. Så tak fordi, når det så er sagt, så synes jeg, der var sådan en lidt kudelige, og vi er kækseling til, at det er for en lydelige, for en lydelige, at få pierkarskås, der er meget spørgsmål, men så var på, på årføer stoden.",Marlene Harpsøe_video_44_start_7-30-37
" og med bygger i eller et tablering af infrastruktur, kævindstændighed, børt som dørske et af dag, forzageres på en konkret projeksbesk, grundlag, og var bare grund af en tur med sædre risikovådering.",Alexander Ryle_video_40_start_3-42-15
" Men jeg bedre jo også nogle i organisationer, som man nejer en i besøg i forsøg af i fuldgag. Der bliver jo sæt hainspelere op hele tiden, eller noget nu. Og når vi alle rede kan se, at man får de viske udmøndet i forhold til i Uregulejringen, er man til kommer der i UT og rullet fra nu af trossalt. Og jeg bare i tydel om, at sætter en forsægstig, den er en siede forsøg, så er de relevante,",Mona Juul_video_41_start_2-03-53
" Med løbjør. Det som man tænker, ikke sæbbet til en her med løbjør. Så vil du jo fra taget, at stage spårsgap fra en person, som har begygget krimmel til, som har bløbbedøbt ved denne skedåmstål, som man skal. Det vi er et udstandre af enes listen, jeg kan forstå, at der er med svalpetige har lidt svært, hvad jeg læser vores politik, men det er løvager så findt med. Så vil du personen ved, kom denne værbredt døbt, så har vi kommet fra at stage stage spårsgap, hvis det stod til denne spårl på tid.",Rosa Lund_video_41_start_4-09-55
" Men dagen om tøl om, at vi har brug for, at årenførenkaler det hans pælde i forsleder eller noget linø, hvad for noget man unheim. Det er der som til at råhede ikke vinde i, men jeg har også det aleste forstået til at tænge dig, at man får stiller sig, der vil ske, hvis vi ikke ved, at vi styrknings forsledte b2 overfør.",Mona Juul_video_41_start_2-02-13
" Der er en tv-later, hvorfor er en slående er ganske værselig betydning. Og et tagmært der kommer nu, i krimikære og energet og gamle bliver funnet, når man gør at ud.",Morten Messerschmidt_video_40_start_3-54-59
" Det er en stort ting, vil jeg se i forhold til, det har mere styrke sprosteden spro-skræning. Og det har jeg også været til at lave tilbage til, om kring styrkelse, hvordan vi indræder, den skulle vi sige stillbulde. Og tre parten for tyvet, tre tyvet blevet af, så er den politet, så er det en satte forfaster og så er det lille. Og så er det med skrukhus på sprostedt. Jeg synes forskellige på de initiator og standt at der er, at de skabe nogle rammer, nogle mulighed, som kommuner kan velja,",Mette Kierkgaard_video_44_start_6-21-56
" Jeg har ikke været nogle dialog med i sredelskampelsøderm, den her konkrete. Det kan jeg se med sige. Vi tager den med ansvar. Derfor er den siden stedning i effens, den er en afstandning. Den er en solution, der er opfordre til umeltbar, humaniser, borten.",Lars Løkke Rasmussen_video_41_start_0-22-37
" Tusen tak. Jeg kan godt huske, der er mandelede den her stramning om kring bende medlemmer, hvor der skal være til farvet, for der er maksvetalt interesse. Det er stændt, vi tænte den interesse. Og der skal du både være til rist og bende medlemmer, at det er en mulige andet samtidigt før, med køkommen. Og når jeg ved en gang, der er inden instet, der er blod fra kænsdagets borske, der er på den balkon.",Mette Thiesen_video_41_start_3-00-06
" Og jeg har været været forstå, at man måsige er en nationalstandard på det, hvor man samtidig aktere og fremlighed om tid, den eller lavet som Jo Er, nationalstandard, under en eller anden form.",Pia Kjærsgaard_video_44_start_6-31-24
" hvis man opfyller kram til den stadsborske, så skal man have den stadsborske. Og det skal ikke være nogle hermiddel, at vi er enes læsten synes af kram, af fastram med dig. Jeg synes ikke, og vi synes ikke er enes læsten, at man skal straffes. Ved ikke at kunne få den stadsborske, for noget kriminalitet man har begår, for tige årsund. Det er heldigvis sørgen, i det herlænd, at man ikke er straffet, for evigt, det sørt den vores straffssyste ind fungerer.",Rosa Lund_video_41_start_4-16-02
" meget på passling med mistændende enden anglæmme det hedens postan om varteksfængsling og tilsvarende domerne os augør, at det som var en et hen syng til kapititeten i krimnetforsoven. Der så er kapititetet udfordringer krimnetforsoven, og helt loben ny. Og i folzen første del, men der er fuldstandene, men jeg har pætter kufre. Jeg tror, der kan være mindst ligesom mange eksempel op på, hvor man enden bude har varteksfængslede,",Peter Hummelgaard_video_44_start_5-05-10
" Jeg sagt, der var nogle god intentioner i ministerens tale. Jeg vil gerne hjælpe med lømministerens teller, hvad en rigtige lømminister ikke, sådan en københavnstration, as madermanden, hvor at mye smule igen proppygget med at træe alle bl. til at tilbejde følte som er situationen nu, at vi skal frem til, at der bliver udviklet på det her.",Søren Egge Rasmussen_video_40_start_1-09-48
" Så har vi for det formænd. Tagt sig af sig for frem sig, det har beslutningsforstlaget. Og i sig delse, det har taget sig overførn, at det skulle spætte begnillsen, der er omnod, har kæmbed denne her kamp. Om alt, hvad der handler om digitalisering og kunst i intelligents i snarten halv menneskerler. Jeg borde indfog ud en for at vinde for på kressens bor. Jeg læste på et forsvæg med til her for nyele. Jeg har betyder på de skutte i de kunst i intelligentspor og kressens bor.",Peter Kofod_video_41_start_2-12-10
" Det er for det, at derfor er også svært lukken i smesigt at følge med forordning, om kunstintilligens blev jo sådan set fremset, eller det tjutorty på tidspunkt, hvor en gang chatgebetet havde føstet folklig gen brud. Så derfor kommer lukken i nye på balkund, balkand af udvikling, det er jo meget naturligt, men jeg fast toller at vi på en mul sære på henerne.",Marie Bjerre_video_41_start_1-22-45
" Hælder indtrydigt bekraftet, så vi sige, tiger du på historieten over tid til det i det statsbråskabbe. All det tilfælder, jeg har tusen af i middag kiv og på min computer. Efterhånden er døbt kriminele mennesker, som vi ikke kan udvise. For det er et urensvalid forghtingsflertal, har giv en statsbråskabbe på i landetspunkt. Jeg har men� stort sidder med altså om at få det statsbråskabbe på vinstrer og socialdemotid.",Mikkel Bjørn_video_41_start_4-42-20
" Hvis man kan få en vores afvalt, vil man ikke få en valt afvalt. Det er ikke, at det er ikke, at det er ikke, at det er ikke, at det er ikke. Det er ikke, at det er ikke, at det er ikke, at det er ikke. Det er ikke, at det er ikke, at det er ikke, at det er ikke. Det er ikke, at det er ikke, at det er ikke, at det er ikke.",Peter Hummelgaard_video_44_start_4-59-30
" Man ikke tak for det. Jeg kan som tænke på før, der er hørd ene, de andre et til. Min en far kan han ladde med forskellige, sitte arbejdsliv, han er køret læsbil, der er alt fra penører, at klugt ikke, men han har særbejden en del, og hos struplødnødbrunning.",Mette Abildgaard_video_40_start_0-37-53
" Det er glad for ufønne, at klar på, for det det betydende er der på vise og nætter, at vi ugår at kakke en og se på, ikke kommunerne nogle lembler i rejler. Vi svælder sætter os ned sammen. Det er jo sådan set, det er hele handler om. Det er jo også lidt af, lidt af, lidt af ufønnsør, hvad er suge det, det er kallere gang, magfullkommen. Det er jo ikke om det er det, det er jo det, det er jo ikke om det er det, det er jo ikke om det er, det er toldigt det.",Birgitte Vind_video_40_start_2-33-22
" Det handler dem, vi er omgørne og besøge sig brøgerkontrollet, som vi ikke har nogle særlige god op. Gør også, at overmænde, som jeg har været fællenset et tal på, ikke op på omkring 1,3 %. Det er betydere, at aktefeller motafrifor arbejder for de det skal lægge i arbejdstilen politis, arbejdstil, veler mærke. Det er børne, der skal husede skolen i forvandre i en sårbar situation.",Karina Lorentzen Dehnhardt_video_44_start_5-02-40
" Det kan sorge, at det er en stilhømme. Jeg har høvet et talet på en lidt andre lidsmål. Jeg har hørt en lide det, at offerer er en brændende detalese, hvor at sætte vigtigheden både af at sprode den kompeten, men at de lige så har jo ikke redder også en kompeten, at kunne ud af omsåen.",Mai Mercado_video_44_start_7-13-12
" og hjælpe ufrivilligt barnløser. Det hele tager styrke, er det gange til fatilte til at behandlinge i Danmark. Neds har folk bare hæt af en af de mest udbræde syderm i dag, og vi måde en færdighed af dem, som ønsker, og blive forælder og blive over i dag. Problemer med, og for det til, og løges. Det er ekstremt hårdt og belæste og blive ufrivilligt barnløser. Det har jo også stor mens de konsekvætter for de børrejret.",Sophie Løhde_video_41_start_0-33-52
" Ein neckliche Höl in Ordnung. Tag vor Ort. Im Uradene kann man wie Egete erstäme, verdähte Beschludningsfausleig Erflärgrund. Im Uradene erbimmer eine, er die ältere Pippo-Or-Pupplei, er hat die da Mutter Applei, die Aljem, es gewährt Schögel, mit den Pleidifog. Der Burd, der im Daufe, aber das Gewerd Schögel, die ich gehärtine, wenn die Kompetenzen,",Rosa Eriksen_video_44_start_6-52-13
" Det godt opklare, at det er lene, at den sidste del besultningsforsledes som lige brælde i en i i. Det er der faktisk inspirateret, når man kanes tilgge er en polega virksomhederning for selvfølgeligestids, når man opdager diskutioner bare er det, så det er en produkt, der som er deres for plikter til at rette.",Lisbeth Bech-Nielsen_video_41_start_1-56-28
" Jeg er fordi det er, det er jo gerne problemet, den her danske fadsletidsbehandling. Det er for mig at se igen, så er der for søget eller at man sælsker betal for nogen som er søget. Lige nu der er det store problem, de vende til der der. Og at man også kan, og blive op i omvalde i sådan en behandling i flere mund og sænke hundeproende mange en kavesiteet. Og det må jeg være frekligt, når man så ved, at der nedder bare mulighed, der ud nedder vi de prøvætte, som vi jo i dag. Og så faktisk var til at overhælde i den af de fadsletidssidselen behandlinger der er i vores land.",Louise Brown_video_41_start_0-37-58
" Hvad har det folket ting, der styr udviklinge i samfundet, den man i stern? Det er min grundholdning. Og i sændre man har et kandt problem. Hvis en sændre hønk svar som går i marksom på, man kun sætter den der granske laverer. Så man kunne jo ikke en brud. Vi står over for, men om livscyklus andet lyse, bereidinger at tænne krav tilbygre et og krav om af venisætter til at se utoduslebde for nøbig grej, og hvor gænbrus smatreiler, sætter til 0 til utodmæsigt.",Søren Egge Rasmussen_video_40_start_0-24-56
" Det er et spørgsmål, der er til besøgningsvorslade, for det er sælder med synes i udsevændende, der er et dårligt for i synes. Det er blevet bare noget til at se, hvor konkrede, nogle bestuldning for at slage er, at moderale, at minne, at vi skal komme med før, at vi kan få lavet til, at moderale, en synes, den god af. Det er hvor konkrede skal vi være, at den næskang, at det kan, at det kan, at det kan, at det er et besøgningsvorslade på, det kan, og måseste skal de se på, at man tækker en normaltære, og det er den kommuner, ønsker vi, at det er det, at det er det blænder.",Kim Edberg Andersen_video_40_start_2-15-42
" Der er den med rigtig rigtig vigtigt i Varen, for den eller bor. For de man skal prøve sig at sætte i deres situation. Man måske begyde svært med allerede, men han får nogle skabakter, man kan ikke få tager de samtæk, som man kun fra. Så man har ikke brug for flere udefordringer, og blandet ikke får. Om man rigtig faktisk kan forstå, det plagere som nælder, der kommer også ikke i. Det er jo en et so bare situation som der er man store i.",Marlene Harpsøe_video_44_start_6-48-03
" Det slødningsvorslade vi behandler her, omhandler gemfølsel og logen inden der polæder politi og domstulet af ud af de præciset i sin alvange, hvis muligt, for eksempelige dønner på den eller udtældsejemmidjen. Så er den afløstninger skal også, at sjov enne hålde, misszængte sægtede tiltældt af et siste endet dømte personer.",Steffen Larsen_video_44_start_3-24-01
" Tak til ham med i bjørn for enner kinsen af min tale, og så selvom han ikke er en i afslutning. Og der må jeg simpelthen se, som jeg egentlig også ser, at jeg tror langt hende at vange så liberaler i enjængse, den skal valt på tig ikke selv, eller ikke freinen, når det kommer.",Sandra Elisabeth Skalvig_video_41_start_3-51-11
" Så op på liversis og sækkerer, en stærgradspolitik. Det her er beslødning for oslæg. Ust deler af danske folket på tig, en liden har om, hvad i sluttend for oslæg kommer til og her af fakt på rats, påltigen.",Mai Mercado_video_44_start_3-34-05
" Jeg tager for, man er mere reflektere lidt over, og det som er overfølgelig en på, og som sændede en par gang i sin råfølgelig tal med, er det var jo vigtig, at man sætte kommunen af fri. Og der kunne jo godt sænke mig spørgningslæsens råfølgelig, at det er med, at man kan sætte kommun af fri. Så er vi aldrig nogen selvfælde betyde. Det vil være til uguundst for prævde borgere, og lokale virksomheder, for det er noget man giv en fri-tid nogen, så tager man som ræl eller en rættige hæt for andre.",Hans Kristian Skibby_video_40_start_2-34-32
" Det er en lidt uniksydåers showen i Danmark, for vi har fået en mæderre gang. Beste år næret tre forskellige parzier. Det er ikke min opfattelse, at de enkelte parzier, der ligner er i reggæringen, en lihar endret deres politikene, de kommer til udenning området.",Sandra Elisabeth Skalvig_video_41_start_3-54-25
" Så er for overfår med. Når man, hvis man følger det bender, jeg måske man godt få introgrere, jeg er en ren expeditionssager, og at vi er i nye folket ting. Og det sidste ved jeg bekraftet, jeg tror vi er i nye, at så følger op det til at vi liste noget, og længe på den danske. Det er f.n. seufålfår en skade løn og i skade lønliste også gør det. Men jeg vil lykle på året til i oskade løn. Eller liste året skade løn. Det er en fordige løn, og mange ful.",Sigurd Agersnap_video_41_start_2-35-17
" Det er en fejsel, at det er beslutningsforståret her handler om. Det handler om at lave nogle retningslinger, som fejspler efterspårdde ud. Det er efterspård fra virksomheder, bliver efterspård for kommuner. Det er blive efterspård fra skola, hvor at de sige kæg hjælper, som nogle retningslinger. Det handler om at have logegionning, så er det her, om at klare, hvad det er for nogle regler, som vi alle er redd i dag har. Så vi kan bruge de er nye tingen giv på den best mulige måde og høst altige vændsere.",Lisbeth Bech-Nielsen_video_41_start_1-23-48
" Besluttersforsledes en viske drøft i dag, det er både relevant og nøvendigt. Vores nuværende ved den om gæringes personer i Voltsaccaet samarfræn, under sølgelse tilbage for 2000.nit. Der lætligtvis om at bruge en gamme mobil tilfone i en værten af smartfone, så det virker baglinger. Der skedte markantsteening af en tældre af en medlevoltsaccaet, og vores samfund har endrasas til en 2000.nit. Vi har nu løvet som samtyrkologen fra 22 og mit tilbevaltes en havsafstår infredet.",Betina Kastbjerg_video_44_start_4-22-20
" Tak for over. Med beslutningsforsled i dag ønsker forslags til en af dammaktere ud af statsboreretskunden, som starmar for nedens urelfemse. Der konventionens bestemmelse i følge forslags til en af målige god at kriminalermenske her undervaltags forbrudet og se kriminalke fra tage stadsdagsborskab, som konsekvets af derse et voldig kriminalitet.",Kristian Bøgsted_video_41_start_3-36-23
" Så var det en god vortevel, det var en afmæstigt, et et ekkommere. Min egen sæl, og det er understrevet den præde. Jeg har ind i forlitsægen til at gå sig i ønske, at vi har aktifordhold til konventionerne. Det er faktisk rett til klæd for. Vi er jo lidt tilbage i står i børn i den her, det bedt må vi unogge kænne. Jeg er enner kænder, at den er en nytpartig, og så lødseler jeg kan ensvart for fortiden.",Anders Kronborg_video_41_start_3-38-46
" Der er på korten, med at man kan se, skal lige se, det er fuldtende korrekt, at løset var købet ud, at man kan konstruksere der er lyse i gang. Vi prøver og fortsætter, og jeg let sig ved at forstå i første ramgang, der vi prøver kører. Og så ved vi overført de bestørende for der, at man kan være med at nok, og så vil man lige for at en sæl, at man sige at træveste kunder, hvis det er det, det er det, det er vi ikke. Vi prøver en vikker fortsæt, og det er fejlerne, men den forløver bare her bare en melsen har vi ikke. Så det må vi se, det er det jo godt.",Erling Bonnesen_video_40_start_2-31-17
" for at slade for at de kalde, benster, så det fous med de marsen træls, hvis de spørger mig, nemlig, kommet for sådan, og lands finkslag. Det er et svært forhånd af fleste ratsystemet, så skaber de udfordringer, som det ikke til grund fra bestuldig forslaget, og ønske om kordervartigs finklinger. Sagespandels tidede på tid, endke menne hundet derme stod under kateg ud, vil ikke betyder, atvartigs finkling i nogen tidelfalt tre godet, som følde de langen sagespans tider.",Tobias Grotkjær Elmstrøm_video_44_start_5-25-58
" Jeg vil sige, det er en spørgsmål som du har i forhold til. Det er en spørgsmål til udlandensk arbeidskraft. Det er selvfølgelig også, hvordan er en udlandensk arbeidskraft i en vildt process, med det har forsledet ting, at det er en helt naturligt del af det. Jeg synes minis, der var inden på, at man med radekogige modfeksæmpel, Lolland som har gjort så godet farangerer med og tage mod unladsk arbeidskraft.",Fie Hækkerup_video_44_start_6-37-21
" mange tak. Tak til, der skal forlbati for at reise en interessant det bett. Danmark har som lille landen for plikte, at os internationale indt. Vi har tilslutet, at flere konventioner, gæbben tidede. Som giver borne og nøg folk er rettlig radehøre.",Brigitte Klintskov Jerkel_video_41_start_3-58-41
" Tak for ude og tak til for osdagstillerne. Der er ikke nu en tydel om, at vi de her rå har brug for at borde udviklet og tage en kundstænd til gænds. For at have det et reser, den rønne udvikling i mærke og fokusere på nogle af de restrektioner, som der kanterne er behåfer. Næmmelig at der for at sæste risikover deren, at forstælde i tj. b.a. en min sekundstænd til gænds.",Mona Juul_video_41_start_1-57-47
" Men takt for spørgsmålet, at jeg mødde det, som jeg lige ser. Det er jo, at det her forslag, som råfundstæller, som handler om at lave en nyhundsølse møgningspunkt, en gamlehundsølse. Det skal være færdig en år sødgang. Og der ser jeg at det forslag, hvor man ser i lyset. Vi føkser langt til sidden for at påhøjse en af sølgelig at råføn var råføn på det forslag. Jeg ønske, at det er ny samt sygge, hvis det er bestemme sidste af forlåg.",Bjørn Brandenborg_video_44_start_4-01-34
" Og meget tydel om, at der faktisk, for at kunne se, at udtrykte påstyrer om det, at så ved at trodde, at lægge alle mulige andre indtisjoner nedbænd, så det er ikke en ruse, den støde, det er lænner med at beviste det, når man det er igen, har gjort det klokt.",Lars Løkke Rasmussen_video_41_start_0-14-56
" Og det er jo færdet, at man skal bruge med til til og forflæder, og med at vise et timer til. Nu på den koldse her af blød tilhæng af, at vi skal have med viden om den her loggionig møganspunkt i. Og finde ud over den, vil jeg ikke gøre noget. Degne ud at søge på den kritik som for med de kidsisen rejser i folk, at det er lov for os længe har noget på sig.",Bjørn Brandenborg_video_44_start_4-03-31
