whisper-medium,file
" Først og fremmest er det, at Danmark har forpligtet sig til at leve op til de her internationale forpligtelser. Jeg synes også, at det skal ses i en større sammenhæng, hvor vi som lille land nu kan være med til at påvirke beslutninger. Og så har konventionerne gennem tiderne også givet befolkningen nogle folkeretlige rettigheder. Det skal man huske på i forhold til forskellige konventioner. Jeg har også stillet spørgsmål til ministeren om, hvilke konsekvenser det vil få, hvis Danmark trådte ud af konventionen. Det afventer jeg at få svar på på et eller andet tidspunkt fra ministeren. Tak. Værsgold til spørgningen.",Brigitte Klintskov Jerkel_video_41_start_4-02-44
" Tak for spørgsmålet. herunder jo jordbunds forhold og alt muligt andet. Og så er det jo også sådan, at om man eventuelt, hvis man ender med at give en byggetilladelse, så kan man jo også gøre en stilling af krav i forhold til sandpluder og jordmembran og alt muligt andet, som kan sikre, at man tager hensyn til de ting, som der nu kan tages hensyn til i en given ansyning. Så siger vi tak til.",Hans Kristian Skibby_video_40_start_3-41-16
" Først og fremmest det her med, at det skulle være en ekstra straf, at politiet over for medier eksempelvis skal redegøre for, om det er udlændinge, der har begået en gruppe voldtægt. Det er det eneste, de skal redegøre for, og det står i forslaget, at det ikke skal være personhenførbart. Man skal bare vide, hvem er det, der har begået, hvilke typer af mennesker er det, der har begået den her type kriminalitet. Fordi vi jo godt ved, at særlige typer af personfarlige kriminalitet bliver begået af særligt mellemøstlige indvandrere og ikke så meget danskere og vestlige indvandrere. Og så siger minister, og slutter sig siger ordførende, at det ikke er, at det er ikke folketingets opgave det her. Jo, det er det da, fordi som ordførende selv nævner, så siger Ratsplejelovens paragraf 818 jo, at det kun er i tilfælde, hvor det handler om at identificere en gærningsmand, at politiet skal opgive sine element. Og det er der, hvor vores pointe i Dansk Folke, siger ganske enkelt, er, at det er relevant for samfundsdebatten at vide, hvem det er, der begår særlige typer af kriminalitet, når man eksemplevis kan læse en historie om en gruppe voldtægt begået mod en 14-årig pige. Overført? Ja, altså i pakker på, at stykke 1 og 2 står der,",Mikkel Bjørn_video_44_start_3-07-39
" I Danmark er vartægsfængsler, hvis den sigtede har gjort noget straffbart, som har en strafferamme på 1 over 6 måneders fængsel. Derudover skal dommeren vurdere, at der er en risiko for, at den sigtede flygter, at den sigtede vil begå ny lovålsredelse eller at den sigtede vil prøve at forhente opklaring af sagen, f.eks. ved at slette sine spor, påvirke vidner eller medgærningsmænd. Det synes jeg er et ret fint argument for vartægsfængsler. I Danmarks demokrati ønsker vi ikke, gærningsmænd, som kunne være sigtet for frygtelige forbrydelser, som vi så med ubovedssagen, skal kunne gå frit rundt og kommunikere med omverden og potentielt obstruere en efterforskning. Derudover mener vi i D.D. heller ikke, at vi i hensyn til f.eks. offre for personfarligt kriminalitet kan tage så store hensyn til gærningsmanden, som det i så omfattende engreget foreslås med forslaget. Det er vores klare bevisning, at for at bevare borgernes retsfølelse og retssikkerhed er det nødvendigt, at varteksarstander forbliver bag lås og slå. I Danmarksdemokrænen står vi altid på offert side. Forstår stiller henviser til spørgsmål 3 82 af 6. marts 2023 i forhold til hybier og længere vartægsfængslinger. Men tabellen siger jo noget andet. Her kan man se, at antallet af vartægsfængsler er faldt støt siden 2014 til 2022. Til gengæld er det korrekt, at de vartægsfængstede sidder længere i vartægt i 2022, end de gjorde i 2014. Men det skal jo bl.a. nok også ses i lyset af de lange ventetider hos domstolene. Nu har vi lige indgået en ny flereårsavtale på domstolene med henblik på at nedbringe de lange ventetider, så jeg forstår heller ikke helt basis for at fremsætte beslutningsforslaget. Så damens demokraterne kan vi ikke støtte forslaget.",Betina Kastbjerg_video_44_start_5-34-01
" Jeg har hørt ministeren sige, at han er meget åben over for konkrete forslag på det her område. Det her område med miljø og tilpasning, samarbejde med kommunerne, ligger regeringen rigtig meget på sinde. Så jeg bliver simpelthen nødt til at kohigere ASFs ordfører på det her område. Det er simpelthen ikke korrekt. Regeringen har ikke på noget som helst tidspunkt sagt, at de ikke vil tage en samtale om det her, hverken den socialdemokratiske overfører, ministeren eller venstres overfører. Lad mig starte med at sige, at vi deler ambitionen om at give kommunerne mere frihed og at styrke deres rolle i den grønne omstilling. Det er afgørende, at kommunerne har de nødvendige redskaber til at arbejde for at sikre rent drikkevand, fremme biodiversiteten, reducere klimabelastning og beskytte vores kystenområder. Derfor vil jeg også meget gerne være med til at dr ryfte konkrete initiativer på området. Dog mener vi, at kommunerne allerede har betydelig redskab at tage rådighed for at fremme den grønne omstilling. For eksempel har de mulighed for at arbejde med drikkevandsbeskyttelse ved en energi på land. Desværre er det bare ikke altid, at disse muligheder bliver udnyttet godt nok og til fuld tilfredsstillelse ude i alle kommuner. Så selvom frivillighed normalt er den bedste løsning, kan der også på nogle områder være nødvendigt at indføre klare og ensartet krav til kommunerne. Særligt når det eksempelvis handler om at beskytte områderne omkring drikkevandsboringer. Vi skal nemlig sikre, at vi beskytter vores drikkevand også til de kommende generationer. Ministeren har allerede været inde på en hel del områder, hvor der er i gangsat initiativer. Så selvom vi moderaterne anerkender behov for at give kommunerne handlefrihed, mener vi, at det er vigtigt at balancere det med klare retningslinjer og krav. Det er vores ansvar. Det er kun vores ansvar at sikre, at den grønne omstilling skrider frem på en bæredygtig og effektiv måde. Og det er jo noget, vi skal gøre i fællesskab herinde i Folketinget. Alle 179 i samarbejde med alle vores dygtige kommunalpolitikere ude i det ganske danske land. Derfor må vi også stemme imod dette beslutningsvorslag, da vi tror på, at vores nuværende initiativ og planer er vejen frem for at opnå dette mål. Vi er altid, altid, altid, altid, altid åbne for bedre løsninger og konkrete forslag, for alle vores kollegaer herinde, så vi kan finde den bedste løsning for vores miljø. Jeg ser frem til at fortsætte dialogen om, hvordan vi bedst kan sikre en grønner fremtid. Tak for jeres opmærksomhed. Moderaterne kan ikke støtte forslag.",Charlotte Bagge Hansen_video_40_start_1-59-38
" Det er ikke det største lovforslag, vi har haft. Jeg konkurrere på Morten Messers mit tal og sige, at hvis vi nu bare laver loven selv, så er vi fri for at stå her i dag. Så skal vi ikke bare konkurrere, at det kan vi godt klare selv. Så vil jeg godt ruse mine folketingskolleger i, at juleferien har gjort, at vi har hurtig ekspedit i folketingssalen, og det ser jeg frem imod. Nye borgere kommer til at støtte lovforslaget, så selvfølgelig gør vi det. Vi ser også frem til, hvis der bliver gravet op, at dansk lovgivning nu engang er bedre end europæisk. Men det er jo som parti et sted, vi er ret trygge i at stå. At det er nok EU-lovgivningen, der får det mest af noget roet, og det er dansk folkesigne, som nogenlunde altid har skyret på det. Det ser vi frem mod, at ministeren begynder at implementere noget mere. Vi støtter forslaget og ser frem mod en lige så hurtig behandling af alle de andre lovforslag, vi får igennem året.",Kim Edberg Andersen_video_40_start_0-15-35
" Jamen tak for det, og tak synes jeg også for en tale, der fører os lidt tilbage i historiebøerne. Og man skal selvfølgelig også tilbage i historien for at blive klogere i forhold til fremtiden. Selv så har jeg jo interesseret mig lidt for den 11. december 2002. Det er sådan cirka et år efter, at VK-regeringen har siddet ved magten af Anders Fog, herren af Fog og statsminister, fru Pirk Hersgaard og dansk Folkeparti af Støtteparti. Der kommer der et lovforslag herinde i Folketingssalen omkring indflydtsret, dansk Folkeparti stemmer for. Det gør de efterfølgende, har jeg noteret mig frem til, 13 gange. Det vil sige 14 gange har dansk folkeparti stemt for loven om indflydtsret. Og hvad jeg kan se, så er det omkring 35.000 mennesker, som dansk folkeparti har været med til at give statsborgerskab i Danmark. Det kunne jeg godt tænke mig at høre ordførende om han vil bekræfte, at det forholder sig sådan.",Anders Kronborg_video_41_start_4-33-32
" Hvis det kun var 55 millioner kroner, der afgjorde udviklingen af kunstig intelligens for Danmark, så stød vi skib til. De 55 millioner kroner er afsat til en strategisk ramme for udviklingen af kunstig intelligens for at presse på for yderligere investering i kunstig intelligens. Jeg tror, ordførende er enige med mig i, at det jo ikke er den offentlige stat, der skal investere i kunstig intelligens. Vores virksomheder skal med at investere i kunstig intelligens. Og det er vigtigt for mig som digitaliseringsminister at få sendt et signal til vores erhvervsliv om at komme i gang. Der er masser af muligheder, og det er ikke os politiske, der skal stå henter for, at vi ikke udnyttes af de kæmpe muligheder og potentialer, der er. Derfor er det vigtigt, at vi får offentlig side for at satte en strategisk retning for kunstig intelligens.",Marie Bjerre_video_41_start_1-25-35
" Der er forskellige kriterier for, hvordan man kan vare sig svingselig folk, hvorfor man gør det. Der er ofte en rigtig god begrunningse for at gøre det. Bare fordi vi gør det i højere grad end i lande, man i andre sammenhænge normalt vil sammenligne os med, så er det ikke et udtryk for, at vi nødvendigvis er på galt bord i Danmark. Det kan være, at vi bruger det bedre end vores nabolande eller dem, vi normalt vil sammenligne os med. Så det er ikke i sig selv en indikator, at man i Sverige eller i Norge for øvrigt gør noget på en anden måde, end vi ville gøre det i Danmark. Der ligger en bredere diskussion her, der handler om ressourcediskussionen, som flere overfører, før mig har været inde på. Fordi det er jo rigtigt, at med det pres, der er på hele kæden, ja, så kan man ikke tage de hensyn, som man måske ville gøre til børn. Hvis der havde været flere fængselsbetjente, giver anledning til anden form for kriminalitet eller mere kriminalitet, f.eks. som det var set med Amramanden, så durer det jo heller ikke. Så alt i alt, så kan vi afvise det her beslutningsforslag. Tak. Tak til ordfølgen, der ikke måtte korte bemærkning, så vi går videre til ordfølgen for forslagestillerne, Signe Stampe.",Peter Kofod_video_44_start_5-53-47
" Jeg synes, vi skal huske, at når vi frisætter, så handler det om, at man har frihed til at gøre noget. Og så skal man jo diskutere herinde, hvor meget kontrol mener vi så, der skal være med den her frisættelse, og specielt når det kommer til natur- og miljøområdet for at tage den. Jamen, så vil det jo påvirke andre kommuner. Og det kan selvfølgelig godt være positivt, men jeg hører også ministeren sige, at man jo ikke lukker nogen døre i forhold til, om der er andre emner, man kan tage op og se på. Der er jo ikke noget, der er statisk i politik, og det kan da godt være, at der vil være nogle områder, hvor det kan vise sig, at her kan vi, ligesom vi har gjort på Grønne Bymeter, at her kan vi lave nogle aftaler, som vi kan sprede ud til flere kommuner.",Birgitte Vind_video_40_start_1-50-09
" Jeg har tilgiv til, at lovgivningen, og dem der skal lave de faglige vurderinger, tør højde for selvfølgelig ny viden, så den viden, der er til rådighed, går til vejbring til beslutningsgrundlægter, der skal etableres for at træffe den beslutning om, om den her p-plads, byggeri eller aktiviteter kan laves på den pågældende batteri, som der ønskes laves noående aktiviteter på? Og skulle det modsatte så vise sig, at sørgerhavet og ministeren også er tilkendegivet, så kigger vi selvfølgelig på det. Men forløbet har jeg som udgangsprung til at lide til de faglige folk, der er sat til det. Tak. Og spørgeren?",Erling Bonnesen_video_40_start_3-30-04
" Tak for spørgsmålet. Jeg er enig i, at tallene fra Frontex de understreger, at vi står i en migrationskrise. Vi skal tilbage til 2016 for at finde et år, hvor der var flere spontane asylansøger, end der er i år. Det har enormt store konsekvenser. For det første er der tusindvis af mennesker, som dør på vej over. For det andet bliver rigtig mange mennesker, som egentlig har større asylkrav eller medvæsne asylkrav efterladt i nærområderne. Det er derfor, at vi i regeringen arbejder for et nyt europæiske sylsystem, hvor de irregulære migration bliver stoppet og man i stedet får en ordnet måde at søge asyl i Europa. Jeg er tilfreds med, at derefter tre års svære forhandlinger her kort før jul blev opnået enighed om hovedelementerne i den nye emigrations- og asylpakt. Vi får sikkerhed styrket ved de ydergrænser. Der kommer bedre screening, obligatorisk grænseproceder, bedre registrering af sylensøger og irrégulære migranter. Vi arbejder også for at bekæmpe irrégulære migration og smulder netværk gennem styrkekontroll med EUs ydergrænser. Vi bidrageger hvert år fra Danmarks side til Frontex med personell og kapacitetsbidrag i form af blandet fly, helikopter, patruljebåde og kørtøjer til de lande, som ligger i grænsområderne. Men det er vores klare bevisning i regeringen, at der udover de nuværende indsatser, der er brug for at forbygge og adressere den irrégulare immigration helt grundlæggende. Og det er derfor vi ønsker, at der skal laves en aftale med et tredjeland uden for EU. Det bruger jeg meget med tid på at tale om og på at overbevise andre europæiske lande om. Og jeg føler faktisk også, hvis jeg skal være ærlig, at der er en del, som lytter til det og som også er interesseret i at ændre grundlæggende på den måde, som migrationen foregår til Europa. Tak for at overbevise.",Kaare Dybvad Bek_video_41_start_0-58-18
" Det er fuldt tilgængeligt at komme hver eneste år som en del af Danmarks statistiks årlige rapport, Kriminaliteten, i hver enkelt år. Så de oplysninger er jo tilgængelige, og det er i øvrigt en meget relevant og vedholdende del af den offentlige debat. Men at gøre det, som han Mikkel Bjørn foreslår, nemlig at detaljregulere, hvordan er politiet i konkrete situationer udsender sine elementer ud fra en politifaglig vurdering til, hvad der skal til for at kunne finde mistænkte for forbrudelser. Det er jeg simpelthen ikke enige i. Så er det fra Mette Thisen. Tusind tak.",Peter Hummelgaard_video_44_start_2-52-19
" Nu står jeg her på vejene af regeringen som indrids- og sundhedsminister med, at jeg vil gerne give den serviceoplysning, fordi Venstre kom med et rigtig godt, synes jeg, fatilitetsudspil inden Folktingsvalget, og vi har nu på et år gennemført to ud af de tre forslag, som vi kom med. Og det er jeg rigtig stolt af, at vi har sørget for og sikret, at vi nu har kunne sætte så mange flueben på så kort tid. Nu er jeg også som indrids- og sundhedsminister optaget af, at vi skal have bekæmpet de for lange ventetider. Derfor har jeg et meget fordomsfærdigt blik for at sige, at når vi skal opbygge kapaciteten, så lad os gå i dialog om, hvordan vi kan bruge de private aktører til at sikre, at vi kan give parerne, enlige kvinder, en hurtigere adgang til fartiltingsbehandling i Danmark.",Sophie Løhde_video_41_start_0-37-11
" Jeg har også selv insisteret på, at politiet har mulighed for at passe deres arbejde og gøre det på den måde, som de også selv synes er den bedste måde at gøre det på. Og det er jo blandt andet at bruge signatemanger. Og jeg ved ikke, hvor overfølgende har den der forståelse af, at man ikke gør det. Jeg synes i flink, men heldigvis ser, at politiet også bruger, hvordan folk ser ud, hvilket etnicitet de har, når de laver signatvanger, fordi det netop skal bruges til at kunne opklare nogle af de meget alvorlige forbrydelser.",Bjørn Brandenborg_video_44_start_3-00-24
" Jeg er der så pres fra den anden flot her. Jeg tror, jeg står fast på mit synspunkt, og det gør jeg. Det ligger faktisk også lidt i spørgerens kommentarer og begrunder sig for spørgsmålet, fordi énfamiliesuse, hvad så med tofamiliesuse. Jeg synes ikke, der er meget logik at hente ved at gå den vej, logikken vil være for mig at se. Og det vil også være den opskrift af den rettesnord, jeg synes, vi skal følge fremover, når vi skal videre af den vej, når markedet, og det er vi jo så enige om, markedet bliver bygget op op. Det bliver nogle værdier, man har. For det faktisk kan være en værdi at sælge videre det, man får brudt ned på sin grund. Men der vil det også være min indstilling, at der vil det også være kvadratmeter. Nu er det så startet med 250 kvadratmeter. Når man vil gå længere ned, så vil det også være, synes jeg, closed og det reneste snit og nemest at forstå for alle håndværker, nedregningsvirksomheder, grundejere osv., periometer i reglen, og den synes jeg, vi skal holde fast til.",Magnus Heunicke_video_40_start_1-14-14
" Vi bliver interesseret i, at medarbejdere kan kommunikere ordentligt med de ældre borgere. Det handler om, hvordan man anskuer, hvordan vi løser det her problem bedst muligt. Med de sprogbarrierer, som kan være, at man har problemer med sproget. Det kan også være ordblindhed og andre ting, som besværliggør hverdagen. Jeg tror, at man i højere grad løser det ved at lave sprogsutte, sprogscreening, at opkvalificere underviserne til at kunne undervise i flere sprogspædagogik, inden at indføre nationale standarder og mere detaljstyrning og kontrol, som er noget af det, som lige præcis tager tiden væk fra borgerne. Det er jo al den her detaljstyrning, al den her kontrol og tilsyn, som tager tiden væk fra trygheden i ansigts- ansigtskontakten. Spørg. Flersprås pædagogik.",Fie Hækkerup_video_44_start_6-32-18
" Hver en helhedsmåde skal have hjælp og vejledning til vores virksomheder og offentlige myndigheder i brug af kunstig intelligens. Tværtimod mener jeg faktisk, at vi har en meget stor opgave i at hjælpe og vejledde og rådgive vores virksomheder i brugen af kunstig intelligens. Men der hvor uenigheden opstår, det er, at vi skal anlægge et udvidet forsigtighedsprincipp i forhold til kunstig intelligens forordning. Jeg mener, at det vejledning og rådgivning, vi giver vores virksomheder og offentlige myndigheder, de skal følge forordningen og være inde for rammer rammerne. Det er vi ikke kan begynde at lave nogle andre retningslinjer eller tilægge et andet principt, som ikke flugter forordningen.",Marie Bjerre_video_41_start_1-24-29
" Det er et målrettet indgreb for at afvære en helt konkret situation, hvor det de facto var sådan, at der fandt daglige systematiske krænkelser sted, og de kunne storsigt isoleres til noget, der skete i Danmarkers verden. Det er den situation, vi har forhold til. Jeg vil bare sige igen, at jeg har indtødt sted, og heller ikke i Washington mødt kritik af den måde, den næste regering har håndtaget den her sag på.",Lars Løkke Rasmussen_video_41_start_0-13-19
" Der er fremskridt om f.eks. de forhandlinger, der har været i UUCD om fælles minimumsatser, som også er en måde at komme noget af det her til livs. Og de her forskellige mekanismer, som man arbejder på at indføre, for at kunne beskat de virksomheder, som ikke bliver beskatet ordentligt, der hvor de er hjemhørende. Så internationale samarbejde, både i EU og i UUCD, er helt afgørende for at få gjort noget ved det her. Det er svært at gøre som en enkelt land, selvom vi kunne tændtativere i Danmark også. Så det er positivt. Problemet er, at de kriterier EU bruger for at sortlæse det, er relativt lemplige. Det vil sige, at nogle af de lande, der er betaget af listen, kan man godt diskutere, er de rent faktisk ikke stadigvæk skattelige lande, og er det ikke stadigvæk en belastning af vores evne til at kunne indkræve de skatter, som vi bør for de selskaber, som tjener penge på at operere i Danmark.",Pelle Dragsted_video_41_start_2-47-30
" Hvis vi sætter lovrammer ned over folk, så agerer de forhåbentlig inden for loven. Men der er jo faktisk også i loven, hvor de fortæller, at der er nogen, som er meget bekymret for, at der kommer meget mere på deponi. Hvis der ikke er nogen, der vil bygge med de gamle materialer, så får vi det bare på deponi. Så bliver det selvfølgelig sorteret i fraktioner først, men så kommer det på deponi alligevel. Det er ikke det, vi ønsker. Vi ønsker, at det bliver genbrugt enten til noget visuel smukt eller til noget praktisk. Og grus igen. Alt det, vi kan bruge til grus, det kommer vi til at mangle lige om lidt.",Kim Edberg Andersen_video_40_start_1-02-07
" Nu bliver jeg ikke så berørt af det ordfører, den siger lige nu, fordi jeg ved, at ordførerne kender mig ikke godt nok til, at vagtafgang, så det er nok ikke lige det, der ligger i min DNA. Det jeg er opfordret til, det er at komme med nogle mere flere konkrete eksempler. Lad os få sat ind, fordi der er jo ikke nogen herinde, der er uenige i, at vi ikke skal satte ind på alle parameterer, som vi kan i den krise, vi er i lige nu. Så kom med noget konkret. Der er ikke noget, der bliver fejret af bordet. Vi tager det hele op. Der bliver arbejdet hårdt og konstruktivt overfra ministeriet. Så kom med jeres forslag.",Charlotte Bagge Hansen_video_40_start_2-08-20
" Vi har en udfordring i forhold til fattigitetsudfordringer, som ministeren nævner med hver fjerde, der har udfordringer, men også med befolkningsvækster, der går den forkerte vej. Men tid er afgørende for sådan et vellykkede fattigitetsforløb, og som vi lige var inde på, er der ventetider. Den her ufrivillige barnløshed og fattigitetsbehandlinger kan nemlig være ekstremt opslidende, som ministeren også var inde på. Og der er grænser for, hvor længe kvinden og parforholdet kan beholde til den slags. Det er enormt indgribende at skulle stikke sig konstant, at skulle ændre på cyklussen, at skulle opleve at have scanninger på klinikken aflyst, eller som ændrer sig med kort varsel. Det er noget, der griber ind i hele familien og parforholdet på en ret vild måde. Den her alder hos kvinden er også en faktor for at have en god chance for succes. Og uret tægger jo, og det gør det også, når man begynder i et forløb på en fattigitetsklinik. Og den her ventetid kan være gift for sådan et forløb. Venstre og Liberale Alliancer har jo tidligere været enige om flere dele af den her debat. Vi i Liberale Alliancer har i vores seneste sundhedsudspil forslået at udvide udregnings- og behandlingsgarantien netop på det her område til også at omfatte fattigetetsbehandlingen. Det er ifølge Venstres hjemmeside også Venstres politik, og ministeren var lige inde på det. Men er det stadig sådan, vil Venstre gerne udvide både retten til udredning og behandlingsgaranti til også at omfatte fattigitetsområdet?",Louise Brown_video_41_start_0-35-35
" der trods alt ønsker at sætte det her i gang. Og det håber jeg, at regeringen lytter til, ligesom jeg også håber, at de lytter til de mange organisationer, som også peger på, at vi har behov for den her undersøgelse. Herunder faktisk også mandecentret. Og det synes jeg jo er interessant, at det både er kvindeorganisationer og organisationer, der repræsenterer mænd, som mener, at vi har brug for mere viden på det her område. Og det synes jeg faktisk, at vi skylder ofrene og sikrer, at det kommer.",Karina Lorentzen Dehnhardt_video_44_start_4-44-22
" Jeg er uemærket bekendt med, at også ESF laver en indsats. Det gør de fleste miljøminister og regeringspartier uanset farver for at prøve at håndtere nogle af de her problemer, fordi der ikke er nogen, der er uenige. At nogen får uenigsting, den skal man forsøge at gøre noget ved. Men jeg henviste også bare lige sådan med et passende, lidt vindeligt vink om, at selvom ESF også er værd i regeringen, så var der jo ikke blevet bagrydt totalt op, men vi deltager jo alle sammen ambitionen om, at når man deltager i finanslovsforhandling uanset om man er regeringsparti eller oppositionsparti, at vi så får mest mulig hastighed på de her ting.",Erling Bonnesen_video_40_start_3-31-26
" Det kan være en vej at gå, at vi sætter os sammen og siger, hvad vi kan opnå politisk enighed om, skal håndteres i forordningen, hvad vi kan begynde at gøre allerede nu, og hvilke ting vi er vigtige, som forordningen ikke kommer til at håndtere. Forordningen kommer ikke til at håndtere det faktum, at hvis nogen har ondt i sigte og vil bruge deepfakes og andre teknologier til at sprede misinformation og destabilisere vores samfund, så er det jo ligegyldigt, at vi har en forordning, fordi de jo kriminelle og har ikke tænkt sig at overholde loven alligevel. Så det kommer jo ikke til at betyde nogen forskel, om man har en forordning eller ej. Og hvad gør vi for at sikre, at vi har nogle gode, stærke institutioner og medier, hvor folk fortsat vil søge hen for at få sand og troværdig information. Det er en kæmpe udfordring, som forordningen jo ikke kommer til at løse. Så jeg tror sagtens, vi kan finde fælles frudslag. Det er jeg i hvert fald interesseret i.",Lisbeth Bech-Nielsen_video_41_start_2-30-46
" Ja, tak. Jeg vil gerne allers først sige, at hvis det skulle have været en god og grundig gengang fra Socialdemokraterne og Soberfører, så er det anden gang, hvor I har oplevet dem endnu mere grundig, vil jeg i hvert fald gerne sige. Men jeg anerkender selvfølgelig også, at det ikke er det mest hvidtlyftige lovforslag, det vi behandler her i dag. Det er et mindre lovforslag, som sikrer en bedre præcisering i forhold til at sikre borgere et bedre retsgrundlag i forhold til, hvis de bliver omfattet af miljøskader. Det er jo sådan, at hvis man kigger på EU-kommissionen, så har de jo konkluderet, at del af det her miljøansvarsdirektiv, det ikke var tilstrækkeligt genført i Danmark, og ikke klart præciserede, hvad regler og vilkår der var i forhold til den enkelte borgere. Det er det, der forsøges oprettet med bevindelse med det her lovforslag, og det støtter af Danmarks demokraterne.",Hans Kristian Skibby_video_40_start_0-08-46
" og har fået et tildelt dansk statsborgerskab, så er man jo dansker. Og det er derfor, jeg grundlæggende ikke kan forstå den forskel, som Dansk Folkeparti laver. Altså, danske statsborger er danske statsborger, uanset hvordan man vinder at dreje det. Og så må jeg da så bare tilføje til Dansk Folkeparti, at det er jo Dansk Folkeparti, der har haft helmed, at det er så svært at blive dansk statsborger i dag, som det er. Altså, det er jo ikke noget, man kan lægge over på enhedslisten. Jeg ville da ønske, det var os, der havde styrret udlanding politikken de sidste 20 år, men det er det ikke. Ja tak, så er der en kort bemærkning til her.",Rosa Lund_video_41_start_4-14-09
" Der er jo ikke sket en lempelse, hvis en kommune ønsker, at de nye bydele skal bruge bæredygtige byggematerialer og skal have et ekstra lavt ressourceforbrug i et byggeri. Så kan vi ikke, der står i planloven, sikre det i en kommune. Hvis man går hårdt til den, kan man sikre, at der er gul tegle på alle husene. Så kan man fastlægge en energiklasse og definere, hvor energiforsyningen er fra. Men man kan ikke gå videre. Der er en lang række kommuner i Danmark, som har ønsket at give plads til, at der opstår mere bæredygtig byggeri. Men det kan bare ikke siges gennem en lokalplan, fordi planloven er er den som den er. Så der er faktisk brug for en ændring. Så det der med at ændre hensyn til herregårdslandskabet, det sikrer så ikke det bæredygtige byggeri i byerne.",Søren Egge Rasmussen_video_40_start_2-32-23
" Det var et, som jeg længere tænkte, at vi skulle stille i Dansk Folkeparti. Det var bare en glædelig overraskelse, at det allerede var stillet, så vi fik debatten ud før. Det er fuldstændig, som overførenden siger, ekstremt vigtigt, at vi får opdateret de her tal. Der ligger absolut ingen argumentation for, hvorfor vi ikke skulle gøre det. Der er masser af domme, masser af anmeldelser. Som overføgivning, men ellers synes jeg, at det er mindre vigtigt end det her, man har evalueret efter ganske få år. Så egentlig bare tak til SF for stille forslag og for at få rejst den her debat. Vi kommer til at tage debatten hernede i salen, inden for ganske kort tid igen, når vi i Dansk Folkeparti stiller et forslag om at få kuglegravet hele lovgivningen. Så bare tak for at samle oppositionen om det her vigtige forslag.",Mette Thiesen_video_44_start_4-43-26
" Ministeren siger, der skal være lokal frihed og lokal ansvar. Det kan ikke være uenige i, men samtidig så fremlægger regeringen også et forslag om, at der skal være mere sprogstøtte og sprogscreening til social- og sundhedselever. Det er dejligt, men det går måske lidt imod de tanker, som regeringen måske ellers havde på området. Jeg skal ikke kunne sige, om der er noget der. Når det er så sagt, så siger ministeren, at kvaliteten skal være i orden, og man skal sætte nogle mål. Hvordan får vi målt på kvaliteten i forhold til Dansk kunstskaber og ældrepleje? Hvordan vil ministeren sikre det?",Marlene Harpsøe_video_44_start_6-21-19
" Tak for det, og tak til Overført for at fremlægge sine synspunkter. Overført nævner blandt andet planloven, som et af de steder, man måske skulle sætte kommunerne fri for. Jeg ved ikke, om Overført er bekendt med det, men det er jo ikke mange uger siden, at man sidst har ændret i planlovgivning, så det faktisk nu er muligt for kommunerne at sætte fri, for eksempel i forhold til herregårdslandskaber, hvor man kan oprette solceller og vinde energi. Jeg ved ikke om overførende er bekendt med det.",Birgitte Vind_video_40_start_2-31-48
" Hvis det er et datagrundlag, vi har nu, ikke er godt nok, og som i virkeligheden er flere domme, end man hedde fra 2000 og til 2002, hvor der blev langt færre dømt for voldsigt og langt færre sigtet. Hvis det ikke er godt nok, er det ordførende, der står og siger nu, at der er forkerte sigtelser eller forkerte domme. Jeg prøver bare at forstå. Jamen, ordførenden siger, at det grundlag, vi har, er ikke godt nok nu. Hvad er det, der præcist er i vejen med det grundlag? Sker der forkerte sigtelser, eller forekommer der forkerte dommer? Hvad er det, ordførenden prøver at sige, når grundlaget ikke er godt nok til at kunne lave en undersøgelse? Ja tak. Jeg synes ikke, at spørgern lyder bestemt målt.",Karina Lorentzen Dehnhardt_video_44_start_4-00-48
" Hvis jeg prøver at afgrense det i forhold til, hvor vi mener, man skal kunne indlede frakendelsesager af statsborgerskab, så er det når det kommer til kriminalitet af særlig farlige karakter, seriøforbrudelser, våldtægsforbrudelser. Men det er jo også korrekt fortolket, at ja, det er et svigt, lige meget hvilken kriminalitet man egentlig begår, men det er ikke fordi Liberale Alliancer ønsker at indlede frakendelsesager, at kriminalitet er mindre grad. Ja tak, gæst god til jer.",Sandra Elisabeth Skalvig_video_41_start_3-57-08
" at natur og miljø er noget, vi deler med hinanden. Så hvad du gør i en kommune og hvad du undleder at gøre i en kommune, det påvirker også andre kommuner. Det gør det også i forhold til biodiversiteten. Så jeg forsynes ikke, at det er så enkelt. Men det er undskyld. Orføren har fuldstændig ret i forhold til, at der er også lavet aftaler om bymætter osv. Og det er også noget, vi sætter rigtig stor pris på at lave de her aftaler. Men igen, det er jo noget, vi stadigvæk har hånd i hanket med, og vi holder øje med, og vi kan følge, så vi ikke går længere end, at vi også stadigvæk her i Folketinget kan tage det ordnet ansvar.",Birgitte Vind_video_40_start_1-48-19
" som Socialdemokratisk Hovedfører sagde. Det man måske mere efterspørger, det er, at medierne i højere grad beskriver etnicitet og herkoms fra de domfelt. Det er jo sådan set ikke folketingsbror her. Jeg må gøre opmærksom på Ratsplejen i Danmark, som allovervejende udgangspunkt og offentlige dommer er offentlige. Det er flere hundre år siden vi havde hemmelige domme. Og skulle man være helt i tvivl, kan man gå sig en tur på. I byretten og kigge på retslisterne, så får man jo også set, hvem det er, der er tiltalt. Og det, jeg tror ikke, det kræver meget fantasi at finde ud af, er herkomsen i givet fald. Så der er jo ikke noget, der er holdet skjult. Men det, man ønsker, er måske, at der ligesom skal skrives et manuskript til at vise hende, at det må pressende altså selv finde ud af efter min menge. Og så vidt jeg kan se på forslaget her, så indebærer det to ting. Nemlig at man ønsker, at politiet altid oplyser et præcis signalemang ved udgivelser af døgnrapporter eller omtale af specifikke hendelser. Det er den ene ting. Altså jeg må sige, der står jo meget i døgnreporteren, men der står jo også, at det er en 13-årig dreng, der har stjålet et eller andet i en forretning, som man nu har fået en anmeldelse om. Det vil altså sige, at folk der ikke kan straffes på normal vis, det kan være mentalt handicappet personer og lignende, som så pludselig der skal et præcis signalement ud af. Og det til trods for, at politiet sikkert udmærker ved, hvem det er. Det er jo lidt af en misforståelse, muligheden for det her signalement. Det er jo det, der står i retsparløvenspakkeret fra 818. Det er jo et efterforskningsskridt, som justitiumministeren også var inde på. Hvis man ved, hvem det er, så er det jo ikke det, man skal diskutere. Så jeg vil nok sige, at forslagets første led betyder, at der skal sinallemang af alle gamle som ældre og også dem, man i forvejen ved, hvem er. Men er det så ikke ud på gamle som ældre og dem man ved, hvem er. Men er det ikke ud på at give en ekstra straf? Er det ikke det, vi skal lave om på i givet fald, hvis det er det, der skal diskuteres? Det andet element her, det er, at regeringen skal udarbejde initiativer, som sikrer, at politi, domstole, journalisere et præcis signalement af anholdte, mistænkte, sigtede, tiltagte og dømte. Altså jeg kan kun sige til de partier, som ellers mener, at domstolene fungerer rimelig langsomt, og det tror jeg nok, at de fleste af os mener, at hvis dommerne skal belastes med det her arbejde oveni, så kommer det godt nok ikke til at gå hurtigere ved domstolene. Og igen, som justitiumministeren sagde, i hvidt omfang findes de oplysninger jo allerede i dag. Selvfølgelig skal debatten basere sig på fakturelle oplysninger, men der er jo ikke noget, der holdes skjult for folk i den her sammenhæng. Så derfor mener vi ikke, at der er behov for det, der anføres i beslutningsforslaget, og det får derfor ikke Venstres stemme.",Preben Bang Henriksen_video_44_start_3-04-20
" Det er derfor, at vi alle sammen egentlig kan. Jeg tror, at vi alle sammen har haft nogle relationer til, hvordan folk har haft det i forhold til sygehusvæsenet, i forhold til plejehjemsektoren. Hvis vi er heldige at blive gamle nok, så bliver vi selv omfattet af det. Vi har vel et eller andet sted alle sammen en forældre, en moster, en fastere, en onkel. Sådan må det være. Derfor synes jeg, at det går i spor, at man også siger, at man kender det godt. Det tror jeg er ret vigtigt, at vi også er med i denne her debat, fordi det er virkelig alvorligt det her.",Pia Kjærsgaard_video_44_start_6-45-11
" Det er en af de udfordringer, der er lykkes begå alvorlig kriminalitet, og nogle af vores lokalmedier. Jeg synes, at de er nogle af dem, der er gode til at beskrive, når der bliver begået alvorlige forbudelser i deres lokalsamfund, og også at beskrive, hvilket identitet folk har osv. Fordi det ikke er et problem, og det der jo vel er baggrund for den her debat skulle være, at der var et problem med, at vores politi ikke gør det i dag. Og det er jeg heller ikke enig i, at de gør det i de tilfælde, hvor det er relevant for deres efterforskning. Spørg? Men det er relevant.",Bjørn Brandenborg_video_44_start_2-59-01
" Vi støtter også forslaget. Det er positivt, at man med det her forslag indfører flere defensiv foranstaltninger over for selskaber i skattely. Det er sådan set noget, vi længe har efterspurgt, fordi det er selvfølgelig helt urimeligt, at der er selskaber og enkeltpersoner, som undrager sig skat, som opererer og tjener penge. F.eks. i Danmark lever godt på det, men ved hjælp af skattelige undrager og bidrager til det samfund, som er baggrund eller på vis skuldre, at man skaber sin succes og sin formue. Det er nogle relativt begrænsede skridt, måske nogle af dem lidt mere symbolsk karakter, og vi jo ikke løser det enorme problem, vi har med skattely, som jo koster vores samfund og dermed alle skattelydere rigtig mange penge hver det eneste år. Det skyldes jo at man i Danmark har valgt EUs skattelyliste, som er mangelfuld. Der er notoriske skattelylande, som ikke er omfattet den her liste. Og som også været nævnt før, så er der også udfordringer, at de skattelyelys, som EU-medlemsstater, som fx Luxemburg og andre, ikke er omfattet og ikke kan omfattes af den her liste. Det er et problem. Selv hvis man havde tabt i kampe, så kunne man jo have lavet en mere vidtgående skattelyliste selv. Det har vi jo mange år forslået fra Enhedslæstene siden, at man skulle. I det hele taget er der en eller anden afstand mellem den opfattelse, der er blevet udtryk for heroppe fra og har gennem tiden gjort, det er partier og regeringspartier og så den reelle indsats, der bliver gjort. Vi så det fx under coronahjælpepakkerne, hvor at vi foreneslæs den side sammen med andre partier, og foreslog, at det skulle stilles som betingelse, at hvis man skulle modtage hjælpepakker fra staten, så var der oplagt, at man ikke samtidig kunne operere skattelyge. Det var der ikke vilje til dengang, og det var da på trods af EU-kommissionen, som siddet opfordrede medlemslandene til at lave de krav i forbindelse med hjælpepakker. Så vi er meget langt fra i mål, men i hvert lille skridt i den rigtige retning er selvfølgelig positivt og derfor støtter Enhedslæsten forslaget.",Pelle Dragsted_video_41_start_2-43-48
" Kristina Olumeco fra Faller. Der er ikke mere korte bem til forekantingsbeslutning og forbud mod byggeri ovenpå affalds, depoter og kemiske hotspots og modernisering af jordfåretningslåen. Det er af Marianne Bigum, SF og Signe Munch, SF.",Erling Bonnesen_video_40_start_2-57-57
" Det er ikke sådan nogle udtryk, der vil kendetegne den nye ældrelov, som bliver lagt på bordet. På forhånd står dansk VOLK-parti af. En ældrelov skal indeholde noget, som man kan forstå. Flersprås-pedagogik. Jeg må bede ordførerne om at glemme det ord. De nationale standarder har ikke sprog at gøre med biografi. Tværtimod vil jeg sige, at det er det nationale standarder har jo ikke sprog at gøre med biografi eller tværtimod. Det er det nationale standard på, at man skal kunne sproget tværtimod af byråkratisering. Hvorfor? Flere sprogspædagogik.",Pia Kjærsgaard_video_44_start_6-33-24
" Jeg vil også høre, at Fr. Marlene Habsø er enig i, at sprog er vigtigt. Det tænker jeg også med den erfaring, som både Fr. Pia Kærsgaard og Marlene Habsø har tilbage, eller fra udenfor Christiansborg, at de ved jo om nogen, at det er utrolig vigtigt, hvad den sproglige betydning har. Jeg vil nu fastholde, at den bevægelse, som jeg mener, at grundbevægelsen også i med gode ældrepleje. Det er det, vi skal sikre kompetente faglige medarbejdere. Det bliver endnu mere vigtigt i fremover. Også med språlige kompetencer, ledelse og nogle tilsyn, som har fokus på kvalitet, faglig udvikling og læring frem for at være en hammer i hovedet på de plejehjemplarienheder, som er i det ganske land. Tak for svaret.",Mette Kierkgaard_video_44_start_6-20-11
" Folketinget pålægger regeringen i endeværende Folketingsråd udarbejde initiativer, som sikrer, at politiet altid, når et sådant er til rådighed, oplyser et præcist signalemang ved udgivelse af døgnreporter eller omtale af specifikke hændelser. Det er jo ikke mig, der står og finder på, at det her kommer til at skade efter forskningen. Det er jo lige præcis de store og vigtige aktører, som eksempelvis Dommerforeningen og også politiet, som vurderer, at det her forslag kommer til at gøre mere skade end gavn. Og der er ikke flere kort bemærkninger. Tak til Brunne-Marie Mercado, Konservative og Folkeparti.",Mai Mercado_video_44_start_3-35-25
" Hvor social- og sundhedsuddannelses udspilte sig, det er ikke meget bekendt. Det er ikke i ældreloven, men i hvert fald i socialudspillet, der fremgår det. Og i virkeligheden så går jeg ikke så meget op i, hvad er det for nogle ord, vi skriver i udspilningen. Jeg går mere op i, for at vi skal skabe nogle løsninger, der faktisk virker ude i lokalen. Og det, jeg egentlig prøvede at sige med det er, at jeg synes, det er fornuftigt, at vi fx uddaner vores undervisere på skolerne til at kunne løfte de språlige svage elever.",Fie Hækkerup_video_44_start_6-34-02
" Vi har ikke aktuelle planer om sprogkurser, men Svøren har ret i, at internationale arbejdskraft er en satning og fokusområde skal selvfølgelig sikre, at det er den fornørende kvalitet omkring. Og der er I flere korte bemærkninger. Tak til ældreministeren.",Mette Kierkgaard_video_44_start_6-25-36
" og det er jo ikke her svaret, fru Lorted Råd, så er vi jo netop i gang med forhandlinger, og vi har haft to forhandlingsmøder om det konkret element, der levernes, nemlig nullemissionszoner og give mulighed for at lave et lovforslag, altså lave en stemmeaftale, præcis forhandlinger om at give mulighed for, at kommunerne får frihed til at indføre dette af hensyn til klimaet og den grønne omstilling i vores transportktorer og selvfølgelig også nogle luftkvalitets hensyn. Så vi er i gang med forhandlinger, men forhandlingerne synes jeg skal være om nogle reelle elementer, som også regeringen er interesseret i at gå videre af. Og det her er helt konkret reelt forhandlinger om et konkret frisættelsesystem. Hvis man så summer ind på det andet element, hvor der er påfordring modsatte, det er beskyttelse af drikketvandet. Der har regeringen også drøftet med Folketingets partier, men er jo inde med at komme med en lovkrav, som vi skal forhandle her i Folketingssalen, som jo modsat ikke giver frihed, men giver faktisk flere krav for at beskytte vores drikketvand.",Magnus Heunicke_video_40_start_1-31-38
" Vi har ikke nogen problemer med straf i enhedslisten. Nu er jeg medforslaget stille på et forslag, vi skal diskutere i morgen. Jeg er til hverdag retsvarfør i enhedslisten. I morgen kan jeg lige lægge en lille post-it nede hos Mr. Mikkel Bjørn, så han kan se, hvor mange gange enhedslisten har været med til at hæve straffene. for eksempel ekonomisk kriminalitet, for eksempel digitale krænkelser. Men det kan godt være, at Mr. Mikkel Bjørne heller ikke kan læse det. Det skal jeg jo ikke kunne svare på.",Rosa Lund_video_41_start_4-11-30
" Det er vores generelle opfattelse, at loven, som den er i dag, allerede kan håndtere de ufordringer, der er. Så kan man måske kigge lidt på, om det altid bliver håndhævet så meget som det burde. Men altså reglerne synes vi er fint. Og der er jo også, som jeg ved ikke om du var minister eller en af de tidligere ordfører var inde på, men det handler også meget om prioritering af ressourcerne, fordi der er så meget forenet jord, at man må prioritere, hvor man sætter ind. Så er det lidt for rigidt at sige, at der skal fremsættes et lovforslag om et forbud helt generelt om at bygge og anlægge infrastrukturer. Jeg synes, reglerne er fint, som de er i dag, hvis de bliver håndighedet tilstrækkeligt, og så er vi åbne for at kigge på den anden del af SF's forslag.",Alexander Ryle_video_40_start_3-45-24
" Jeg har også sat i gang. Jeg har blevet kontaktet måske af nogle af de samme gode folk, som har kontaktet ordførerne i forhold til, at der er nogle udfordringer på det område her. Det mener jeg, at det er bestemt, at vi skal kigge på. Man kan jo altid diskutere, hvad en sport er, men så længe vi kvalificerer bl.a. dart og skak og andre ting som sport, så kan jeg heller ikke se på, hvorfor man ikke skulle kvalificere e-sport til at gælde under samme kategori. Så det er jeg i gang med, men jeg synes også, at det er også en retning, at man kan undersøge, hvad det er for nogle projekter, der er gået galt, siden folk oplevede det.",Kaare Dybvad Bek_video_41_start_0-55-22
" Jeg har sagt offentligt mange gange, at da jeg var helt ung, der havde jeg en idolplakat af fr. Pia Kærsgaard hængende på mit værelse. Danmarks hjemmehjælp stod der, fordi jeg har nemlig også altid kæmpet for hjemmeplejeren. Det har fr. Pia Kærsgaard også gjort. Så tak for det. Når det så er sagt, så synes jeg, der var sådan en lidt kedelig ordværksling tidligere i dag, foranledig af, at fr. Pia Kærsgaard stillede mig et spørgsmsmål til mig. Jeg synes, P. Kærsgaard skulle have stillet det spørgsmål til mig om, hvad det er, at Danmarks demokraterne så vil stemme til det her lovforslag eller beslutningsforslag, hvis det kommer til afstemning. Og så havde jeg sagt, så stemmer vi for. Men det undlået, fr. Pia Kjærsgaard, at stille det spørgsmål, det synes jeg bare er hammerne ærgerligt. Og derfor vil jeg gerne lige sige det, at vi stemmer for i Danmarks Demokraterne. Det mandat har jeg fået af Folketingsgruppen tidligere i dag. Overførende? Det synes jeg i den grad burde have været",Marlene Harpsøe_video_44_start_7-30-37
" Om et byggeri eller etablering af infrastruktur kan finde sted, bør der også sker i dag, foretages på en konkret projektspecifik grundlag og på baggrund af en dokumenteret risikovurdering. Et generelt forbud vil potentielt øge omkostningsniveauet ved nyetablering af byggeri og infrastruktur fremadrettet. I forbindelse med håndtering af jordforureningen er det generelt vigtigt med en hård prioritering af ressourcerne, så indsatsen placeres der, hvor der er dokumenteret risiko for mennesker og miljø. Der findes i dag allerede en lang række teknikker til håndtering af jordforureningen i forbindelse med byggeri og anlægsarbejde, som sikrer mod fremtidig risiko og mulighed for oprændning uden øget omkostning og helt i henhold til den eksisterende jordforureningslov. Derfor mener vi i liberale alliance, at SF's forslag om et generelt forbud er en meget ufleksibel løsning på et problem, som der allerede findes lovgivning om. Men hvis jeg alligevel skal vise en vis form for åbenhed i forhold til det forslag, som SF har kommet med sig, så synes jeg jo egentlig, at der er nogle dele, for eksempel det her med ensartet krav til, hvor højt inddørsluftens indhold af kemikalier må være, som godt kunne give god mening at kigge lidt på igen. Fordi, som ministeren jo var inde på, så har man valgt at prioritere drikkevand, natur og menneskers sundhed. Men vi bruger også mange timer på vores arbejdsplads, så derfor synes jeg jo også, at der bør være en høj kvalitet af luften der, fordi det jo også påvirker sundhed og sikkerhed. Så med en lille åbning for dele af forslaget, men altså vi kan ikke støtte det samlede forslag primært på grund af forbudselementet, som er lidt for rigid til vores mag.",Alexander Ryle_video_40_start_3-42-15
" Men jeg ved jo også, at nogle af de organisationer, som er nævnt i BF, er jo i fuld gang. Der bliver jo sat hejnspæle op hele tiden allerede nu. Og når vi allerede kan se rammerne for det, vi skal udmynde i forhold til EU-regulæringen, jamen så kommer det jo til at rulle fra nu af, trods alt. Og jeg er bare i tvivl om, at når forestilleren siger, at det foreshås er et irrelevante ministerer straks formulerer retningslinjer til forskellige dele af samfundet, og så videre, at Erhvervsministeriet bør eksempelvis udadbarne retningslinjer til landets virksomheder, så har jeg lidt behov for at vide noget mere om, hvad de retningslinjer skal indeholde, og hvad skulle ministeren egentlig arbejde ud fra, når de også ønsker at tage afsat i de kommende AEI-reguleringer? Der er ikke flere kort bemærkningstaksel for Månejult.",Mona Juul_video_41_start_2-03-53
" Hvis man tænker eksempel til enden, så ville du jo fratage et statsborgerskab fra en person, som havde begået kriminalitet, som var blevet dømt ved danske domstole, som man skal. Det vi ikke modstander er i eneslisten. Jeg kan forstå, at Dansk Folkeparti har lidt svært ved at læse vores politik, men det lever jeg så fint med. Så ville personen vedkommende være blevet dømt, så havde vedkommende fået frataget sit danske statsborgerskab, hvis det stod til Dansk Folkeparti. Og så ville vedkommende jo sidde på et udrejsescenter et eller andet sted. Hvordan skulle det hjælpe nogen som helst? Og hvordan skulle det i øvrigt sikre generelt, at der ikke ville være kriminalitet i Danmark? Det er bare for at sige, hvis der var så nemt, ville der jo ikke være nogen kriminalitet i Danmark. Dansk Folkeparti har jo haft helmede. Desværre må jeg sige. Og her er jo straffene i det her land de sidste 20 år. Har du stoppet kriminaliteten i det her land, her, Mikkel Bjørn? Ja eller nej?",Rosa Lund_video_41_start_4-09-55
" Men der er ikke nogen tvivl om, at vi har brug for, og jeg tror, at ordføren kalder det hejens pæle i forslaget eller noget lignende i hvert fald. Noget med nogle hejn. Det er jeg sådan set overhovedet ikke uenig i. Men jeg har også, da jeg læste forslaget, tænkte jeg, hvad er det egentlig, at man forestiller sig, der vil ske, hvis vi ikke vedtager beslutningsforslaget B42. Og jeg synes ikke, det gør nogle forskel, fordi vi har behov for at se udmøntning af den EU-regulering, der er på trapperne, og vi er behov for at have en politisk driftelse i forhold til den udmøntning, der skal være. Og i forhold til, at der er foreninger og virksomheder, der har påpeget, hvor vi mangler faktisk nogle rammer osv., der synes jeg også, vi har behov for enøffelse af, hvor er det, at vi som politikere skal hjælpe med de rammer, og hvor er det, at virksomhederne selv skal beslutte, hvordan man hejner det ind i lige præcis deres virksomhed. Spørgsel.",Mona Juul_video_41_start_2-02-13
" Der er ingen tvivl om, at jordforureningsloven er en ganske væsentlig betydning. Og at i takt med, at der kommer nye kemikalier og andet på markedet og gamle bliver fundet, når man graver ud, kan være et behov for at revidere, ligesom alle andre, miljølovgivning. Sådan er vi sikre, at Danmark er både et smukt, rent og et godt land at leve, bygge og bo i. Derfor vil jeg sige, at det forslag, der ligger nu, på mange måder har en fin intention. Men i modsætning til det forrige forslag, som nærmest sprænket alle rammer for ukonkrethed, så vil jeg sige, at et så komplekst område som jordforureningslåen kræver nok en lidt større forberedelse, inden man i gang sætter en revision. En høringsproces, hvor alle relevante parter bliver inddraget. En proces, hvor man får udbordet de eventuelle mangler, der er i den gældende lovgivning, som jo øget kan være dæktet af flere løge, og derfor så også kan kræve et mere bredt tilgang til tingene. Om vi derfor ender med at stemme grønt eller gult til det her forslag, det har vi ikke gjort endelig op med os selv endnu, fordi vi sådan set er inne i, at jordforureningslåen skal afspejle det samfund og de udfordringer, som vi lever i. Men i et udslag af en pludselig ydmyghed vil jeg også sige, at jeg er ikke klar til og i stand til præcist at sige, hvad det er for nogle udfordringer. Så hvis det havde handlede om at alene i gang sætte en analyse og få belyst, hvad det er for nogle eventuelle problemer, der måtte være, så havde vi været ret overvist om, at vi havde været over i den grønne knappe altså at kunne stemme ja. Men fordi forslaget her i modsætning til det tidligere er skrevet i et relativt konkist tonefald, som pålægger regeringen, så føler jeg mig ikke helt klar til at træffe det skridt. Det kan være, at vi i fællesskab når der hen, men af respekt for kompleksiteten både i juridisk forstand, men også i faglig-saglig forstand i forhold til, hvad der rør sig derude, der er vi ikke helt klar til at tage det skridt endnu. Men det skal ikke forstås sådan, at vi på nogen måde nedgør forslaget eller forslagsstillernes intentioner tværtimod. Det er et uhy og vigtigt område, og derfor udlukker vi overhovedet ikke af en revision. Det kan være det betimelige at gøre. Vi vil bare gerne vide lidt mere om det, inden vi sætter processen i gang.",Morten Messerschmidt_video_40_start_3-54-59
" Jeg vil sige to ting i forhold til det her med at styrke sprogstøttens sprogscreening. Der har også været tidligere aftaler om styrkelse af, hvordan vi indretter dansk grundvisningstilbudende. 3. parten for 23 blev der afsat en pulje til særlig indsats for fastholdelse af elever, også med fokus på sprogstøtte. Jeg synes, at forskellen på de initiativer og standarder er, at det skaber nogle rammer, nogle muligheder, som kommuner kan vælge og byde ind på, hvis det giver mening i en lokal kontekst.",Mette Kierkgaard_video_44_start_6-21-56
" Jeg har ikke været i dialog med den israeliske ambassade om denne konkrete sag. Det kan jeg sige med sikkerhed. Vi tager en medansvar. Det er derfor, at vi i den seneste afstemning i FNs generalforsamling, stemt for en resolution, der opfordrer til umiddelbart humanitære våbenbil, det er derfor, at vi alle de steder, hvor vi deltager, og jeg selv har gjort det også bilateralt over for den israeliske minister og andre møder har deltaget i, altså understreger vigtigheden af, at man overholder folkeretten herunder, og humaniterer folkeret. Men man kan jo godt tage det medansvar og intervenere, altså ikke enkelt til at det er politisk, uden at man er den grund, skal intervenere i retssager, der rejses af andre lande. Det er næste spørgsmål.",Lars Løkke Rasmussen_video_41_start_0-22-37
" Tusind tak. Jeg kan godt huske, da man lavede denne stramning omkring bandemedlemmer, hvor det skulle være til far for Danmarks vitale interesser, eller Stats vitale interesser. Der skal det både være terrorister, bandemedlemmer og alle mulige andet samtidig, før man kan komme ind under, og jeg ved ikke engang om der er en eneste, der er blevet frakant statsborgskabet på den baggrund, netop fordi man holder sig stedig fast i denne her togeblige konvention, som absolut ingen gang giver til Danmark. Tværtimod. Der er masser af andre lande, som vi under normalomstændigheder sammenligner os med. Der er Spanien, Italien, Irland, Storbritannien, Frankrig, Belgien og jeg kunne blive ved og blive ved og blive ved, som ikke har ratificeret denne her. Netop fordi det er tudetosset at overlægge muligheden for blandt andet at frakage en statsborgskabet for dybkriminelle mennesker til nogen helt andre end dem, der er valgt i Danmark. Så jeg kunne egentlig godt tænke mig at høre ministeren, det ministeren reelt selv står og siger her fra Folketingets talerstol, og jeg er jo synes ikke glad for, at ministeren anerkender det der realiteterne, det er vi jo nogle der har vist længe. Det er, at Dansk Folkeparti faktisk er det eneste parti i Folketinget, der altid kan løse de massive problemer, der har været for fejlet i udlændingpolitik. Fordi vi netop er lige glade med kombinationer, som ministeren til synnerheden er så glad for.",Mette Thiesen_video_41_start_3-00-06
" Jeg har svært ved at forstå, at man modsiger sig national standard på det her område, hvor man samtidig akter og fremlægger en ældrelov, som jo er national standard. Hvorfor ikke det her, som er så vigtigt, er det allervigtigste, synes jeg, i forhold til ældre mennesker, at dem, man sender rundt til de ældre, om det er i private hjem eller på plejehjem eller for den tageskyld også på hospitaler, at der er sproget dansk, så vigtigt, at det er kommunikationen, det er faktisk det aller-aller vigtigste. Så derfor synes jeg, at der bør være national standard. Hvorfor?",Pia Kjærsgaard_video_44_start_6-31-24
" Hvis man opfylder kravne til dansk statsborgerskab, så skal man have dansk statsborgerskab. Og det skal ikke være nogen hemmelighed, at vi i Engelsslisten synes, at kravne er for stramme i dag. Jeg synes ikke, og vi synes ikke i Engelsslisten, at man skal straffes ved ikke at kunne få dansk statsborgerskab for noget kriminalitet, man har begået for ti år siden. Det er heldigvis sådan i det her land, at man ikke er straffet for evigt. Det er sådan, vores strafsystem fungerer. Det er det strafsystem, vi tror på i det her land, fordi vi ikke tror på, at man skal være kriminell eller dømt for evigt. Det er blandt andet også derfor, at vi ikke går ind for livstidsstraffet, som andre partier her i Folketinget gør. Værsgo spørg.",Rosa Lund_video_41_start_4-16-02
" og er meget påpaselige med at mistænke enten Anklagemyndighedens påstand om vartægsfængsling og tilsvarende dommernes afgørelse af det, som vær en et hensyn til kapaciteten i kriminalforsorgen. At der så er kapacitetudfordringer i kriminalforsorgen er jo helt åbenlyst. Og i forhold til den første del, der er jeg fuldstændig enig med at have Peter Kuffud. Jeg tror, der kan være mindst lige så mange eksempler på, hvor man enten burde have haft vartægsfængselet eller i hvert fald burde have gjort noget andet. Jeg synes jo, den skrækkelig, skrækkelige sag med politibetjenten Magnus Bull, der blev slået ihjel på lange brug, hvor det er, at gærningsmanden, eller i hvert fald den mistænkte efterfølgende, ikke bliver vartksfængslet og derefter udrejser landet og nu efter vores bedste viden opholder sig i Dubai, er i hvert fald et skrægteligt eksempel på, hvor man ikke vartæksfængslet. Spørgeren for anden kogbemærkning, så skal vi lige tage op til en.",Peter Hummelgaard_video_44_start_5-05-10
" Ja tak. Når ministeren siger, at det er et plus, så kommer vi frem til, at der er noget autorisation på at lave det her nedbrydningsarbejde. Der er jo meget stort forståel på, at man skal nedbryde en fem etages bygning inde i byen med naboer lige ved siden af. Eller man valgte, at man også kunne genbruge byggematerialer fra et baselhus, hvor der er langt til naboen, og hvor man kan bruge noget mere simpelt materiale. Og jeg synes egentlig, at det er nogle af de nemmere løsninger, man fravælger ved at sætte den her græns på 250 kvadratmeter. Fordi hvis man skulle starte med det der unimelses, så er det at tage de bygninger, som var lavest. Og derfor synes jeg, at det er rigtig ærgerligt, at man endte på det her 250 kvadratmeter, så jeg håber da, at ministeren vil være med til at kigge på, om det er en rigtig grænse, og at det ikke bare er noget med, at nu har vi en bekendtgørelse, og ministeren engang, hvem der nu er minister engang, kan komme med nye regler. Hvorfor ikke fastlægge nu, at der skal laves regler for 250 kvadratmeters bygninger?",Søren Egge Rasmussen_video_40_start_1-09-48
" Tak for det, formand. på et socialt medie her for nylig, at der blev diskuteret kunstig intelligens på Christiansborg, og en bekendt amager havde skrevet i en kommentarfelt, at det var dog dejligt med kunstig intelligens på Christiansborg, for så var der dog nogen intelligens på Christiansborg. Og spøjt til side, jeg synes det er helt åbenlyst, at vi selvfølgelig har brug for at diskutere det her. Jeg bliver en lille smule træt af, når vi har de her diskussioner, at der altid bliver henvist til et eller andet EU-spor. For når man tænker på, hvor vigtigt den her dagsorden er, ja, hvad har vi lært andre dagsorter, der er vigtige? Det er, at hvis de er så vigtige, så er det en dum idé at overlade det til EU. Så det er i hvert fald noget, som vi har brug for at diskutere rigtig meget selv. Det kan også være, at vi har brug for at diskutere det i EU-regi, men det giver enormt god mening, at vi også diskuterer det her. Det giver også mening, at Danmark, som et af de mest digitalste opdagelser i menneskehedens nyere historie. Noget af det, der vil ændre vores samfund. Allermest i de her år, i de kommende år i særdelighed. Og der synes jeg, der synes vi i Dansk Folkeparti, at det er meget vigtigt, at der er en stærk politisk, lovbaseret regulering. At det ikke er firmaer, der er på den anden side af jordkloden, der får lov til at sætte dagsorden for hvad man kan og ikke kan med kunstig intelligens. Men er det noget, hvor vi har noget gennemsigtighed, men også hvor det er demokratiets spilleregler, der er afgørende for, hvordan den her teknologi, den vil udfolde sig. Det er det ene aspekt i det. Det andet aspekt er jo også, at den vestlige civilisation jo er en enorm konkurrence med andre civilisationer, der måske tager nogle helt andre hensyn, end vi vil gøre. For eksempel det, der foregår i Kina i de her år, som også bullrer derudaf, bullrer fremad, men som har nogle helt andre værdier, man lægger ned over den her nye teknologi. Så min konklusion er, at der er mange gode ting i det her forslag, og det vil vi meget gerne arbejde videre med, og store dele af det kan vi for så vidt også støtte. Tak for at have.",Peter Kofod_video_41_start_2-12-10
" og derfor er det også svært lovgivningsmæssigt at følge med. Forordningen om kunstintelligenst blev jo sundest set fremsat allerede i 2022 på et tidspunkt, hvor ingen gang chat-GBT havde fået sit folkelig gennembrud. Så derfor kommer lovgivningen jo på bagkant af udvikling. Det er jo meget naturligt, men jeg fastholder, at vi på ingen måde sidder på hænderne og er meget opmærksomme på at yde vejledning og rådgivning i brugen af kunstig intelligens. Det er også derfor, datatilsynet har udgivet vejledning til offentlig myndigheders udvikling og brug af kunstig intelligens. Og Digitaliseringstyrelsen har altså også udgivet guide til både offentlig myndigheder og virksomheder omkring brugen af kunstig intelligens. Så der sker jo meget på området i forhold til at ud til at vejlede og rådgive både offentlige myndigheder og virksomheder. Men for mig er det vigtigt, at den vejledning og rådgivning også bliver ved med at flugte med det, der kommer med kunstig intelligensbeordningen. Vi kan ikke gå videre end den.",Marie Bjerre_video_41_start_1-22-45
" Jeg kan helt ensydigt bekræfte det, og så vil jeg sige, at kigger du på historikken over at tildele statsborgskaber? Alle de tilfælde, jeg har tusind af i mit arkiv op på min computer efterhånden, er dybkriminelle mennesker, som vi ikke kan udvise, fordi et uansvarligt folketingsflertal har givet dem statsborgskab på et eller andet tidspunkt. Stort set, de alle sammen har fået statsborgskab på Venstre og Socialdem. Og alle de andre partier end Dansk Folkebetsis stemmer her i Folketssalen. Så jeg synes, det er noget mærkeligt at begynde at sige, at Dansk Folkebetsis på nogen som helst måde er medansvarlig. Når det tværtimod er os, der har sikret de markante stramninger, som alle partier i dag siger, at vi er rigtig glade for, at der er blevet strammet op. Ja, takket værdans folk, fordi det er os, der har fået alle de stramninger igennem. Så altså ja, men det er jo dansk politik, sådan det tager nogle gange.",Mikkel Bjørn_video_41_start_4-42-20
" Jeg vil bare være meget tilbageholdende med at konkludere, at det er fordi, vi nødvendigvis varteksfængsler for meget. Det kunne for eksempel også godt være, at man i Sverige varteksfængslet for lidt i forhold til de enorme kriminalitetsudfordringer, som man har derovre. Derfor er jeg meget varsom med at konkludere skarpt på, at svaret på denne her problemstilling og denne her helt åbne udfordring, fordi det er jo klart, For når man har eksempelvis i Vesterfængsel et belæg i perioder, sidst jeg besøgte den, der havde det et belæg på 115 procent, det skaber jo enorme udfordringer. Derfor tror jeg, vi alle har en interesse i at få et 360 graders blik på hele denne problemstilling.",Peter Hummelgaard_video_44_start_4-59-30
" Mange tak for det. Jeg har arbejdet en del år hos Ostroblund nedbrydning. Hos Ostroblund nedbrydning hævde de et hav af bygninger ned. Min far har nok alligevel været lidt forud fra sin tid, selvom jeg ikke tror, han vil kalde sig selv den store klimaforkæmper på nogen måde. Det er han lidt for østgyske tramand til. Men når jeg tænker på de gange, min far kom slæbende hjem med brobra materialer, som blev kasserede. Han kom sågar hjemem en gang med en kartoffelskræller, som havde stået på et gammelt flejehjem. Det var meget praktisk, når man havde syv børn derhjemme og havde en automatisk kartoffelskrællemaskine. Men mængden ressourcer, der er blevet kasserede igennem og tirer, når vi har brudt ned, er tankevæggende. Det er bekymrende, når vi ved, hvor meget af vores CO2-forbrug der er lageret i bygninger. Når vi ved, hvor hårdt belastet det er, hver gang vi bygger ny og bruger nye ressourcer. Vi ved, at vores CO2-aftryk per danskere er alt, alt for høje. Derfor giver det rigtig god mening, at der nu kommer det her lovforslag. Det er jo en udmyndning af en klimaavtal om en grøn affaldssektor og cirkulær økonomi tilbage fra 2022, som det konservative folkeparti også var en del af, da aftalen blev indgået. Så var der et element, hvor vi ikke kunne nå hinanden hen ad vejen omkring det her med liberalisering af affaldssektoren, hvor vi kunne så også uendemædretræde ud af aftalen. Men det er en træk på, at vi føler både lojalitet og forpligtelse over for de elementer, vi har været med til at indgå aftaler om, som vi også stadig bakker op om, og det her er et af dem. Det er nødvendigt, at vi får lavet en mere strategisk indsats i forhold til at få genanvendt så mange af de materialer, der overhovedet kan genanvendes. Min eneste bekymring, jeg måske kan have i forhold til det her lovforslag, det må vi jo følge hen ad vejen. Det er den her ny autoritætionsordning og hvordan vi sikrer, at der er nok uddannet af dem til at dække det behov, der er. Der har været også en diskussion i sagen i dag omkring kvadratmeter grænse. Burde det være højere eller ægere? Hvordan burde det ligge? Når jeg egentlig tror, at det er fornuftigt nok, at man starter ud, som der ligger sig op til i lovforslaget her, så er det også med hensynstagen til, at der også skal være de dygtige medarbejdere, som skal være med til at påsigge den proces, der er, hvor man sikrer, at det her foregår på den rigtige måde. Så det er også et spørgsmål om rent lavpraktisk at uddanne de medarbejdere. Men vi konservative bakker op om det her forslag, som vi synes er et godt skridt i den rigtige retning i forhold til, at vi bliver mere systematiske, og det er ikke bare min far i Ostroblund nedbrydning, der kommer hjem med vinduer, der lige kunne bruges i Kristvindue her og der. Tak for det.",Mette Abildgaard_video_40_start_0-37-53
" Det er jeg glad for, at ordførende er klar på, fordi det betyder og viser, at vi godt kan gå ind og se på at give kommunerne nogle lemblige regler, hvis vi ellers sætter os ned sammen. Det er jo sådan set det, det hele handler om. Det, jeg også synes er lidt ærgerligt, ordførende så bevæger sig ud i, det er at kalde regeringen magtfuldkommende. Jeg ved ikke om det er det præciste ord, det er jo sådan jeg tolkede det. Jeg synes jo netop, at der bliver lyttet, at vi sætter os ned og får lavet brede aftaler. 85 % af de aftale, vi laver her i Folketinget, er på tværs af Folketingets sal.",Birgitte Vind_video_40_start_2-33-22
" Det handler nemlig om børnene og besøg som brevkontrol. Vi har ikke nogen særlig gode opgørelser over, men jeg har i hvert fald set et tal på, der ligger på omkring 50 procent. Det her betyder, at ægtefælder må tage fri for at arbejde, fordi det skal ligge i arbejdstiden. Politiets arbejdstid, vel at mærke, at det er børnene, der skal hives ud af skolen i forvejen, er de i en sovevejen, så kunne vi ikke finde en bedre løsning, hvis man skal opretteholde denne ordning. Noget, der ikke går ud over børnens skole og voksnes arbejde.",Karina Lorentzen Dehnhardt_video_44_start_5-02-40
" Jeg hørte talen på en lidt anderledes måde. Og jeg hørte egentlig det, at ordførerne i sine oprindelige tale sagde, var vigtigheden både af, at sproget er en kompetence, men at det i lige så høj grad også er en kompetence, at kunne udøve omsorgen. Så inden ordføreren bliver lagt alle muligt i munden med det frie marked og andre ting, beder ordføreren om at uddybe, hvad der var i intentionen i talen. Ordføreren?",Mai Mercado_video_44_start_7-13-12
" Det er meget optaget af at hjælpe ufrivilligt barnløsere. Det er styrkeadgang til fertilitetsbehandling i Danmark. Nedsalg frugtbarhed er en af de mest udbredte sygdomme i dag. Op imod en fjerde af dem, som ønsker at blive forældre, oplever i dag problemer med at få det til at lykkes. Det er hårdt og belastende at opleve ufrivilligt barnløshed. Det det har store menskelige konsekvenser for de berørte. Samtidig kan vi se, at antallet af fødte børn i Danmark er faldende. Det er en samfundsudfordring, som vi vil gøre noget ved. Derfor vil vi styrke fertilitetsindsatsen ved at tilbyde flere forsøg, men også at give mulighed for at få hjæælp til andet barn. Og det er derfor vi fra regeringssiden har meldt ud, at vi er parate til nu og gerne vil investere i 60-siffre millionbeløb til bekæmpelse af barndløshed. Jeg er dog også enig med spørgeren i, at vi aktuelt og i dag har udfordringer med ventetider til fertilitetsbehandling. Og derfor vil vi jo også bruge de penge, vi vil investere i fertilitetsbehandling til at de skal gå til blandt andet at opbygge kapaciteten på de offentlige fertilitetsklinikker, så vi kan nedbringe ventetiden. Der vil også være en implementeringsperiode, men vi vil også samtidig have fokus på, hvordan vi kan bruge kapaciteten på private fertilitetsklinikker og få dem inddraget til at kunne give hjælp. Det er noget af det, vi nu vil gå i dialog med blandt andet danske regioner omkring. Til gengæld så er vores mål helt klart nemlig at sikre, at der kan være en hurtigere adgang til fertilityteltspanden.",Sophie Løhde_video_41_start_0-33-52
" Er den ikke lige høj nok til mig? Det skal være trygge ved den pleje, de får. Det er både dem, der udfører arbejdet, der skal være trygge. De skal have de nødvendige kompetencer, men der skal også være en rigtig, rigtig god kommunikation. Plejepersonalet mellem medarbejdere og borgere. Vi skal også sikre, at de er kvalificeret til arbejdet, og at det er noget frøv. Undskyld. Vi mener, at det er de enkelte kommuner og ledelse på plejehjemmens ansvar og opgave, og sikrer, at de medarbejdere, der er ansatte, er kompetente til deres opgave. Jeg er sikker på, at kommunerne gør alt, hvad de kan for at gøre dette. Og der vil selvfølgelig være en vis forventning til, at medarbejderen kan kommunikere og indgå i dialog med den ældre på samme sprog, men det betyder ikke, at vi skal lovgive på området centralt herindefra. I moderaterne tror vi på, at det er vigtigt at værsætte magtfolkligheden af elterpersonale i de enkelte kommuner, og dermed sikre de har de nødvendige ressourcer og støtte til at udføre deres arbejde. Derfor er jeg rigtig glad for, at regeringen har udarbejdet og lige så småt er ved at præsentere den nye elterreform, der grundlæggende vil frisætte ældre området. Tak for ordet. Hvordan kommer bemærkningssidde, fru Pia Kersgaard, Dansk Folkeparti?",Rosa Eriksen_video_44_start_6-52-13
" Det er godt at få opklaret, at det alene er den sidste del af beslutningsforslaget, som liberal alliance ikke er enige i. Den er faktisk inspireret af den amerikanske tilgang, hvor man pålægger virksomhederne i en form for selvjustit, altså når man opdager diskussion og bias i sine produkter, så er man også forpligtet til at rette en tilgang, som virksomhederne i USA selv havde ønsket sig, fordi det selvfølgelig er meget mindre indgribende end fx vores AI-fordning, der har en annen regulatorisk tilgang.",Lisbeth Bech-Nielsen_video_41_start_1-56-28
" Ja, fordi det afgørende problem i den her danske fertilitetsbehandling, det er for mig at se ikke antallet af forsøg eller at man selv skal betale for nummer to forsøg. Lige nu er der det store problem med de ventetider der er. Og at man også kan opleve at blive afmeldt i sådan en behandling i flere måneder simpelthen på grund af mangelning af kapacitet. Og det må jo være frygteligt når man så ved at der netop er mulighed derude i det private, som jo i dag også faktisk varter over halvdelen af de fertilitetsbehandlinger, der er i vores land. Så det er glædeligt at høre, at ministeren gerne vil kigge på det her område. Hvornår skal vi så i gang med det?",Louise Brown_video_41_start_0-37-58
" Det er ikke folketingen, der styrer udviklingen i samfundet, men det er ministeren. Det er min grundholdning. Og især når man har et kendt problem, og her har vi nogle højingsvarer, som gør opmærksom på, at man kun sætter den der grænse lavere, så man kan øge genbruget. Vi står overfor med nogle livscyclus-analyseberegninger, som er krav til byggeriet og krav om, at vi nedsætter CO2-udslippet for nybyggeri, og hvor genbrugsmaterialer sættes til 0 CO2-mæssigt. Vi står overfor, at der bliver et marked for genbrugsmaterialer. Hvorfor ikke få flest muligt genbrugsmaterialer ind i byggeri, det vil der sådan set være en CO2-effekt. Det er det, jeg appellerer til at genoverveje den her 250 kvadratmeter grænse.",Søren Egge Rasmussen_video_40_start_0-24-56
" Jeg tænker også på beslutningsforslaget, fordi selvom jeg synes, det er usædmendeligt dårligt, så bliver jeg bare nødt til at sige, hvor konkret nogle beslutningsforslag er, at moderaterne mener, vi skal komme med, før vi kan få lov til, at moderaterne synes, det er en god idé. Hvor konkret skal vi være? Er det næste gang, at radikale venstre kommer med et beslutningsforslag på de grønne områder, så skal de sige på matriklenumret D og D, i den og den kommune, at vi ønsker, at det her bliver ændret? Eller kan man gøre det mere generalistisk og sige, at inden for denne her kommunegrænse, der synes vi, at der er det ok at lave bedre vilkår? Eller er det simpelthen for generalistisk, at det er inden for de der 98 kommunegrænser?",Kim Edberg Andersen_video_40_start_2-15-42
" Det er rigtig vigtigt i hverdagen for den ældre borgere. Man skal prøve at sætte sig i deres situation. Man er måske blevet svækket med alderdommen. Man har fået nogle skavanter. Man kan ikke foretage sig de samme ting, som man kunne før. Man har ikke brug for flere udfordringer blandet ikke i forhold til. Man kan faktisk forstå det plejepersonale, der kommer og skal give en den hjælp i den sårbare situation, som det er, man står i.",Marlene Harpsøe_video_44_start_6-48-03
" Beslutningsforslaget omhandler gennemførelsen af lovgivningen, der pålægger politi og domstole at udarbejde præcise signalmanger, hvis muligt, f.eks. i døgnreporter eller udtales i medierne. Sådante oplysninger skal også journaliseres og gælde for anhåldte, mistænkte, sigtede, tiltagte og i sidste ende dømte personer. Først og fremmest vil jeg takke Dansk Folkepolitik for at sætte fokus på emnet. Beslutningsforslagets indledende tekst beskriver vigtigheden af gennemsigtighed for at styrke borgernes tillid til retssystemet. Tillid til vores institutioner er afgørende for et vel fungerende retssystem og ikke mindst et velstående land. Det er jeg og Liberale Enhverkens meget enige i, og vi skal værne om at styrke tilliden til vores institutioner. I dag har politiet hvide rammer for at udarbejde præcise og detaljerede signaler, hvis de finder det relevant for det politimæssige arbejde. Og i liberale jævn, så er vi altså tillid til, at dansk politi gør det i dag. Det bakker også op af blandt andet rejseholdets tidligere chef, Bent Isar Nielsen, som har kommenteret emnet. Han udtalte blandt andet i 2020, at han oplevede, at den danske tilgang prioriterede at fremhæve så mange oplysninger som muligt, og at udseende og signaler anvendes politifagligt uden at blive tilbageholdt af misforstået politisk korrekthed. Liberale Eance mener også grundliggende, at der er bred tillid til bl.a. politiet. Seneste toværdighedsmåling placerer politipatiente i top 5 med 3,82 ud af 5 mulige pointe, hvilket har været stabilt siden 2009. Dette betyder dog ikke, at vi blænder over for de udfordringer eller en ønsket udvikling. Vi kan med fordele se på vores naboland Sverige. Her er der flere eksempler på, at den politiske korrekthed overstiger den objektive sandhed, hvilket skaber et misvisende billede i medierne og en afvielse i virkelighedsopfattelsen. Dette svækker tilliden til vigtige institutioner som politi og domstole. Heldigvis er Danmark ikke i samme situation som Sverige på dette område. Til gengæld bruger vores politifolk i dag omkring en tredjedel af deres tid på ledelse og administrative opgaver, hvilket vi ikke ser behov for at øge yderligere gennem lovgivning med obligatoriske præcise signaleringer og journaliseringer. Forslaget her er altså unødvendig detaljestyring af offentlige myndigheder, det øger biokratiet og det virker ikke i ældreplejen, så hvorfor skulle det virke hos politiet? På baggrund af dette finder vi ikke grundlag for at støtte beslutningsforslaget, som det forelægger nu. Vi opfordrer dem mod politiet til at fortsat udarbejde præcise signalemanger, når de finder det relevant, uden at lade sig begrænse af misforstået politisk korrekt.",Steffen Larsen_video_44_start_3-24-01
" Tak til han, Mikkel Bjørn, for anerkendelsen af min tale, også selvom han ikke er enig i afslutningen. Og der må jeg simpelthen sige, som jeg egentlig også sagde, at jeg tror, at langt hen ad vejen så er liberale allianser, dansk Folkeparti, ikke særlig langt fra hinanden, når det kommer til frakendelsesager af statsborgerskab, når det drejer sig om personer, der har fået dansk statsborgerskab og efterfølgende har viset at have begået kriminalitet af en særlig farlig karakter. Men som jeg også sagde i min tale, så er vi nok ikke enige om fremgangsmetoden for en liberale alliance. Der ønsker vi ikke at udtræde af de internationale konventioner, som vi har tiltrot. Men vi vil til gengæld gerne se på, om vi på nogen måde kan udfordre dem, eventuelt ændre dem. Og det hører jeg egentlig også andre partier her i Folketingetssalen også er interesseret i. Ja tak, værsgo spørgsel.",Sandra Elisabeth Skalvig_video_41_start_3-51-11
" sig op på lige præcis at sikre en stærk retspolitik. Det her beslutningsforslag udstiller, at dansk Folkeparti ingen viden har om, hvad et sådan forslag kommer til at have af effekt på retspolitikken. Man aner ikke, hvilke effekter det her kommer til at få på domstolene, på politiet, og det synes jeg, at man skylder at gå hjem og undersøge ved at tage kontakt til Dommervoeniget, tage kontakt til politiforbundet, og så vil man se, at det her kommer til at skade efter forskningen og at beslutningsforslaget er helt i regnet. Jeg kan fortælle ordførende, at det her forslag handler",Mai Mercado_video_44_start_3-34-05
" Jeg reflektere lidt over det, som ordførenden var inde på, og som sagde en par gange i sin ordførende tal med, at det var jo vigtigt, at man satte kommunerne fri. Og der kunne jeg godt tænke mig at spørge indhedslæssende, så ordfører jeg lidt i forhold til det her med, at når man vurderer, at man kan sætte kommuner fri, så ville det jo i nogle tilfælde betyde, at det ville være tilugunst for private borgere og lokale virksomheder, fordi når man giver en frihed til nogen, så tager man som regel en rettighed fra andre. Og der var ordførende, er højringsperioder, der er klageindstandser og der er spørgsmål om opsættende virkning eller ej. Der vil jeg bare gerne forgodt og skylds på en til enigselistens vurdering af det med, at når man slipper nogen fri, hvad som med dem der bliver forvandlet, så er det ikke en af de fleste, der bliver bundet?",Hans Kristian Skibby_video_40_start_2-34-32
" Det er faktisk en lidt unik situation i Danmark, for vi har fået en midterregering, bestående af tre forskellige partier. Og det er ikke min opfattelse, at de enkelte partier, der lige nu er i regeringen, egentlig har ændret deres politik, når det kommer til udlændingeområdet. Men til gengæld er gået på kompromis i forhold til de politiske afgørelser og i forhold til de udspill, som kommer fra regeringen af.",Sandra Elisabeth Skalvig_video_41_start_3-54-25
" Tak for ordet, forhåbent. Hvis man følger debatten derhjemme, så kan man godt få indtryk af, at det her er en ren expeditionssag og at vi er enige i folketinget. Og det sidste vil jeg bekræfte. Jeg tror, vi er enige, at selvfølgelig opdaterer vi listen over lande på den danske defensiv foranstaltninger i forhold til skattely, når EUs skattelyliste også gør det. Men jeg vil lige knyde et par ord til EUs skattely, eller liste over skattelyglandet. Dels fordi listen er mangelfuld, og dels fordi den også kan have en effekt. Når listen kan have en effekt, så er det jo fordi, at den ligger i pres på det enkelte land i forhold til at ændre deres skattelovgivninger, så de kan komme af listen igen. Det betyder også, at selvom det må eller vil have konsekvenser for europæiske virksomheder, som har investeret i det land, så er man nødt til at gennemføre sanktionerne, for at vi dermed kan presse verdens lande mod større skatteåbenhed og undgå skattelykonstruktioner. Skattelykoster samlede verden over 2.000 milliarder. Der er forskellige estimater, men det er store beløb, der er i skattelykonstruktioner, som undslor sig blandet den danske skatteopkrævning, men jo også skatteopkrævning i en række af verdens udviklingslande. Så det at vi stadig har skattelyg, som snylder på den samlede skattebetaling, det er dybt problematisk, og derfor er det afgørende, at man gennemfører de sanktioner, der følger med EUs skattelygliste. Det andet er jo så, at EUs liste desværre er stærkt mangelfuld. Og det er den først og fremmest fordi, at de europæiske lande ikke kan optræde på skattelylisten, selvom vi ved fra utallige læg, at der er klare skattely i Europa. Man kan nævne Luxembourg som et af dem. Det er lande, som slår sig op på at sikre virksomheder og betaler en for lav skat, ikke udveksler skatteoplysninger med andre europæiske skattemyndigheder, og som derfor på alle måder lever op til kravne til at være på listen over skattelydierne. Det bør ændres. Det kan vi ikke gøre her for Folketinget. Det er et spørgsmål i EU, men det er problematisk. På samme måde så ved vi også, at der er en række skattely uden for EU, som heller ikke er opført på listen. Det er skattely, som Cayman Island og Bermuda, som har utallige læg og utallige eksempler på, at der bliver spekuleret i skatten. Så i ISF støtter vi selvfølgelig, at vi opdaterer den danske lovgivning i forhold til hver fald nogle lande, der skal have sanktioner. Det indbefattes, som ordførerne for Venstre, Hr. Kim Vannentien, siger selvfølgelig også, at de lande, der nu lever op til kravne, bliver flyttet ud af dem, der skal have sanktioner. Og samtidig er vi stadig kritiske overfor, at EUs skattelysliste ikke er synskørende.",Sigurd Agersnap_video_41_start_2-35-17
" Det er ikke beslutningsforstået, det handler om at lave retningslinjer, som bliver efterspurt fra virksomheder, kommuner og skoler. De siger, at de ikke kan hjælpe os med retningslinjer. Det handler ikke om hård lovgivning, det handler om at klaregøre reglerne, vi kan bruge de her nye teknologier på den bedst mulige måde og hørest alle de gevinster, der er, men ikke ved at falde i alle de her fælder? Og det kan man ikke forstå, at der er den modstand mod at give en hjælpende hånd til dem, der beder om det ude i vores samfund.",Lisbeth Bech-Nielsen_video_41_start_1-23-48
" Beslutningsforslaget, som vi skal drøfte i dag, er både relevant og nødvendigt. Vores nuværende viden om gærdningspersoner i Voltax R samler fra en undersøgelse tilbage fra 2009. Det er lidt ligesom at bruge en gammel mobiltelefon i en verden af smartphones. Det virker bare ikke længere. Der er sket en markant stigning af antallet af anmeldte Voltax R, og vores samfund har ændret sig siden 2009. Vi har nye loge som samtykkeloven fra 2020, og MeToo-bevægelsen har også haft stor indflydelse. Det betyder, at vores nuværende tilgang baseret på et gamle data simpelthen ikke er opdateret nok. Vi har brug for at forstå, hvem gærningspersonerne er i dag, og hvad der driver dem. Med den stigende kompleksitet og ændringer i anmeldelsesmønstre er det nødvendigt at få en opdateret vurdering af situationen. Det handler ikke bare om statistikker, det handler om at beskytte vores samfund bedst muligt. Nu nævnte jeg samtykkeloven tidligere, og den er også vigtig i denne sammenhæng. Vi kan ikke ignorere, hvordan indførelsen af samtykkeloven i 2020 har påvirket antallet af anmeldelser af voldsækssager. Samtykkeloven var en milepæl, der ændrede den måde, vi ser at definere voldsæk på. Men med forandring så kommer udfordringer. Undersøgelser har vist, at fire ud af ti unge mænd har svært ved at afgøre om der er det fornødende samtykke til seks siden loven tråd i kraft. Det betyder, at samtykkeloven ikke kun har ændret spillereglerne for retsforfølgelse, men den har også skabt en vis usikkerhed og forvirring om samtykke. Derfor er det afgørende, at vi forstår, hvordan samtykkeloven har formet dynamikken i anmeldelsesmønster, så vi kan tilpasse vores tilgang til at håndtere voldseksager. En ny undersøgelse vil give os en nødvendig indsigt og bidrage til at sikre, at lovgiven ikke blot er et stykke papir, men også en effektiv vejledning for retfærdighed. Så med det sagt, så støtter Danmarks Demokraterne naturligvis forslaget. Og der er ingen kort bemærkning af taksjef, Pupidina Kastbjerg.",Betina Kastbjerg_video_44_start_4-22-20
" Tak for ordet. Jeg vil gerne starte med understreget, at vi deler forslagets intention, for vi synes grundlæggende også, at det er et problem for Danmark, at man ikke kan fratage kriminelle udlændende deres statsborgerkab for alvorlig kriminalitet. For kriminelle udlændige har selvfølgelig ikke fortjent at få det danske statsborgerkab, når man begår alvorlig kriminalitet efterfølgende. Det har vi desværre set alt for mange eksempler af. Derfor anerkender Danmarks demokraterne også til fulde, at statsborgerets konvention er et problem for Danmark, for det er desværre endnu et eksempel på, at konventionerne er skrevet i en tid, som ikke representerer den tid, vi lever i i dag. Med andre ord er den ikke længere tidssvarende, når konventionen beskytter kriminelle udlænding. Det skal vi selvfølgelig have gjort noget ved. Derfor mener vi også i Danmarks Demokraterne, at vi skal tage et opgør med konventionerne. Vi har brug for at få afdækket, hvordan man kan udfordre at ændre konventionen, så vi kan presse rammerne for konventionerne til det yderste, så det i højere grad kan blive nemmere at kunne fratage statsborgskabet for kriminelle udlændinge. Men vi anerkender også, at det er vigtigt for et lille land som Danmark, at der sættes nogle fælles rammer og etableres en fælles spilleband, man skal overholde og spille på. Det betyder ikke, at man ikke i fællesskab kan prøve at ændre på den her spilleband og reglerne. Derfor er det Danmarks Demokraternes opfattelse, at Danmark skal søge opbakning blandt ligesindet lande, som også mener, at konventionerne bør udfordres at laves om. Vi vil derfor under udvalgsbehandling spørge ind til, hvad status er med regeringsarbejde om at udpege en ambassadør, der skal s sikre at Danmark engagerer sig i arbejde med konventionerne, herunder hvordan de fortolkes og anvendes, så de i langt højere grad kan udfordres. Samtidig skal det klarlægges, hvilke andre lande, der har udtrykt kritik overfor statsborgeret konventionen, så vi i fællesskab med andre lande kan undersøge, hvordan vi gør konventionen mere tidssvarende. Og helt ærligt, man har skrevet det her i regeringsgrundlaget, og siden har vi ikke hørt noget. Så nu må regeringen komme på banen og præsentere nogle løsninger, for det er nødvendigt, at vi får undersøg, hvordan vi kan udfordre de her konventioner. Tak for ordet.",Kristian Bøgsted_video_41_start_3-36-23
" Jeg synes, at jeg er tak for en god ordførtale. Det var nærmest et ego-kammer af min egen tale, og det understreger den bredde, der er herinde i Folketinget til at gå seriøst til værks i forhold til konventionerne. Det er jeg faktisk rigtig glad for. Vi er jo lidt tilbage i historiebøgeren i den her debat, må vi nok erkende. Jeg anerkender, at Danmarksdemokraterne er et nyt parti og kan således heller ikke have ansvaret for fortiden. Men jeg er lidt tilbage i analerne. Hvad jeg kan søge mig frem til, så mindst der var et borgerligt flertal tilbage i nullerne, der har man jo også stemt for at give rigtig mange mennesker statsborgerskab. Jeg har selv kunne sætte mig frem til, at 14 gange der har Dansk Folkeparti med Pia Kærsgaard i spidsen, frue Pia Kærsgaard, stemt for, og der er faktisk i de 14 lovforslag man har stemt for omkring 35.000 mennesker, der har fået dansk statsborgerskab med stemmer fra Dansk Folkeparti. Jeg bareører bare ordførende om det, i følge ordførendes optik, er mange eller få.",Anders Kronborg_video_41_start_3-38-46
" Vi prøver at fortsætte, og ellers så vil jeg forslå i første omgang, at vi prøver at køre, og så vil vi overføre lige på stunden, for der er et par korte bemærkninger, og så vil man lige få en sale der siger 30 sekunder, hvis det er det, det kan virke. Vi prøver, om vi kan fortsætte, og det er fejl anmeldt, men forløbet bare anmeldelsen har virket, er godt. Vi fortsætter. En kort bemærkelse til fr. Brigitte Winden.",Erling Bonnesen_video_40_start_2-31-17
" Forslaget for radikale venstre sætter fokus på noget meget centralt, hvis I spørger mig, nemlig kriminalforsorg og landets fængsler. Det er desværre, at forhåndene flere steder i retssystemet skaber de udfordringer, som det er til grund for beslutningsforslaget og ønsket om kortere vartægsfængslinger. Sagsplanningstiderne vil politiet anklage, at myndigheder og domstolene kan trække ud, vil ikke betyde, at vartægsfængslinge i nogle tilfælde trækker ud, som følger de lange sagsplanningstider. Med en ambitiøs af flere aftal, som radikale Venstre selv var med i fra domstolene fra 2023, kan vi forhåbentlig komme en stor del af udfordringen til livs. Med flere dommer og jurister skal sagsplanningstiden springes ned, og det kan forhåbentlig også nedbringe vejheden af vartægsfængslingerne. En anden del af beslutningsforslaget indebærer, at man kigger ind i at begrænse antallet af varteksfængslinger. For os imod retterne er det vigtigt at slå fast, at varteksfængslinger står som et centralt element for både retsfølelsen og retssikkerheden i Danmark. Det er vigtigt, at eksempelvis personer, som er sigtet for grove forbrudelser, ikke render frit rundt på gaden og potentielt møder dem, som har anmeldt dem. Derudover bliver der ikke varteksfængstet, men mindre, at der er et proportionalt indgreb, som så at sige matcher længden af den forventede straf samlet ens sigtets personlige forhold. Og der er det sådan, at 85 procent af de varteksfængstede ender faktisk også med at få en uænket straf efterfølgende i forbindelse med en retssag. Vi har tilskud til, at domstolene træffer de rigtige beslutninger om vartagssvængslinger, som eksempelvis undgår, at sigtet personer begår nykriminalitet. Det skal også nævnes i forlængelse, at det er et antal, at vartagssvængslinger også er faldet med over 20 % inden for de seneste fem år. Når det er sagt, så hele tiden vi imodretterne fortsat stillerens budskab omkring alternativer til varteksfængsling. Velkommen. Imodretterne vil særligt optage af først og fremmest at forbyg kriminalitet og dernæst sikre bedre resocialisering, så vi som samfund undgår, at personer falder tilbage til ny kriminalitet. Her er det særligt vigtigt, at vi retter fokus for os at se mod unge lovåretrædere mere end vi gør i dag, og at vi også retter fokus på første gange kriminelle, altså folk der ikke er tidligere straffet. I forhold til den gruppe vil vi gerne se ind i mulighederne for eksempelvis at man kan få fodlænke på i stedet for at blive af varteks fængslet og i det hele taget også kan afzone efterfønne med fodlænke. For med de kapacitets- og mandskabsproblemer vi har i kriminalforsorgen, så synes jeg faktisk, at det giver ganske god mening. Og det håber vi også, at flere partier er vilde til at kigge ind i, når vi i første halvår af 2024 skal have videre dryftelse omkring varteks fængslinger. Så i moder moderaren deler vi sådan set radikales bekymring omkring den stigende varighed af varteks fængslinger, og vi ser frem til videre drøffelse omkring det. Men på nuvarende tidspunkt kan vi ikke støtte beslutningsslæget. Tak til ordførende. Der er en kort bemærke til frusineret samme radikale venstre. Værsgo.",Tobias Grotkjær Elmstrøm_video_44_start_5-25-58
" Det spørgsmål, som rejses her i forhold til udenlandsk arbejdskraft, skal selvfølgelig også vejes ind i den videre proces med det her forslag. Det tænker jeg er en helt naturlig del af det. Jeg synes, som ministeren var inde på, at man med rette kunne kigge mod f.eks. Lolland, som har gjort sig gode erfaringer med at tage imod udlænsk arbejdskraft allerede. Og der er ikke flere korte bemærkninger. Tak til fr. Fia Hekkerup.",Fie Hækkerup_video_44_start_6-37-21
" Mange tak. som giver borgerne nogle folkeretlige rettigheder. I det konservative Folkeparti mener vi, som vi hele tiden har sagt, at kriminalitet absolut ikke skal premiéres med et dansk pas. Derfor er vi, som forslagsstillerne giver udtryk for, også meget frustreret over, at det ikke er muligt at fratrække kriminelle personer som voldtægtsforbrydere og seriekriminelle dansk statsborgerskab som konsekvens af deres kriminalitet. Derfor har vi også af flere omgange opfordret ministeren til at udfordre konventionerne og undersøge, hvad vores handlerum inden for konventionerne er. Jeg har også stillet spørgsmål til ministeren om, hvilke konsekvenser det vil have, hvis vi trådte ud af Statsborgerets konvention. Vi har flere omgange været med til at få strammet kravne for at fordanne stadsborgerskab, og vil gerne dryfte yderligere stramninger. Regeringen har jo selv skrevet i sit regeringsgrundlag, at vi skal afklare Danmarks manøverrum i forhold til konventionerne. Og det synes jeg, vi skylder danskerne. Og jeg venter stadig på den afklaring. Vi skal også huske, at det er Socialdemokratiet, der tidligere har foreslået, at statsborgerskaber skal kunne frakendes ved personfarlig kriminalitet. Noget, som konventionerne også har sat en stopper for. Senest har Socialdemokratiets udlændingene ordført herer Frederik Vad udtaltræet af statsborgeretskonventionen. Alt skal gå ordentligt til. Og Danmark skal naturligvis leve op til internationale forpligtigelser. Men lad os nu udfordre at undersøge vores handlerum, som jeg har opfordret til og som jeg håber på, at regeringen og ministeren vil handle på. Tak for ordet. Ja tak. Og der er lige en kort bemerkelse.",Brigitte Klintskov Jerkel_video_41_start_3-58-41
" Tak for ordet og tak til forslagstillerne. Der er jo ikke nogen tvivl om, at vi i de her råd har brug for at både at udvikle og tøjle kunstig intelligens. Forstat her, det adresserer den rivende udvikling, vi er i, og fokuserer på nogle af de restriktioner, som der kan være behov for. Nemlig at der foretages risikovurderinger med forskellige typer sagsbehandlinger og anmeldelser af kunstig intelligens. At der udarvartes retningslinjer for virksomheds- og myndigheders anmeldelse af kunstig intelligens, og at der skreves retfærdighedsprincipper for anmeldelsen af den nye teknologi inde i produktansvarsloven og forvaltningsloven. Det er langt hen og vej ind rigtig fint, men grundlæggende er det svært at forstå behovet på beslutningsforslaget, for som forslagsstillerne også selv bemærker, at der er jo EU-regulering på trapperne. Det er der flere ordfatter været inde på,, men ministeren var det også selv. Reguleringen er netop adresseret, hvor der skal trædes på bremsen, og som ikke giver meget mening at lave national lovgivning på, tænker vi. Hvis en gang vil det også være helt afgørende, at vi får en grunddrøftelse af, hvad der ligger i blandt andet refærdighedsprincippet. Ordførende for at foreslægge det har jo spurgt flere om det, at hey, måske skal vi bare kigge på det, måske skal vi bare have en driftelse af det. Det kan vi sanksame med til, men det kræver det virkelig også. For det kan være frøktlig bøvlet for særligt små virksomheder og lige præcis arbejde med den her del. Og det vil være en gang, uanset, og det vil være en gang, som uanset vil risikere bremseudvikling og sænke danske virksomheds konkurrence. I det perspektiv skal vi jo også med, for det er jo det sidste, vi har brug for lige nu her. Samtidig mener jeg, at hvis vi skal gå ind i sådan et forslag, så skal der fokus på speederne også. Det er ikke nok at have fået den på bremsen. Hvad er det, der skal til for, at vi kommer hurtigere og bedre op at flyve, når det gælder kunstig intelligens? For det er et lille sprog om råd dansk. Her kunne vi f.eks. overveje at slippe nogle flere data, ikke føle sig med data løs, som træningstdata. For f.eks. at få chatbots af høj kvalitet og troværdighed, skal der bruges træningstdata af høj kvalitet og troværdighed. Danmarks Radio har masser af egenproduceret kvalitet, som allerede er betalt af skattekroner. Men det er at blokere, for at robotter kan læse og lære med. Det er et sted, hvor vi kan kigge på det. I Japan har man en vækstelig, mere liberal tilgang. Det kan være for voldsomt, men der er i hvert fald mulighed for at øve sig. Det er det, vi har behov for, og det er det, dansk erhvervsliv har behov for, hvis de skal løse nogle af vores store udfordringer med klima og sundhed. Vi kunne blandt andet også bare lade os inspirere tilgangen hos Statens Museum for Kunst, som digitaliserer værker og stiller dem til rådighed fra hele internetet og lader andre brugløse og udstille på deres egen platform. Det gør man med skarpt øje for formådet om at fremme kulturarven, så den hver kan bruge værkerne i alt fra skoleopgaver til en ny digital platform. Udbredelse og anmeldelse er vigtigere end at den enkelte bruger, – – besøger Stadens Museum for Kunsts egenhjemmeside eller fysiske udstillinger. Den tilgang kan jeg godt lide. Det er klart, at udviklingen af kunstledningsagens – – bliver et vækstekonkurrenceparameter de kommende årtier. Ergårdet er brug for, efter vores mening, – – en lidt mere liberal tilgang, så vi får de konkurrencedygtige virksomheder op at flyve, end mere liberalt tilgang i reguleringen af AI, end der ligger op til i B42.",Mona Juul_video_41_start_1-57-47
" Men tak for spørgsmålet. Detette Thisen, dansk folkeparti.",Bjørn Brandenborg_video_44_start_4-01-34
" Jeg har meget tvivl om, at når der for eksempel fra russisk side er udtrykt positive ord om det her, så vil jeg tro, der ligger alle mulige andre intentioner nede bag, så det er ikke en ruse eller en støtte, jeg læner mig op ad. Jeg læner mig op ad bevidstigheden om, noget sted i verden, nogen kritik af.",Lars Løkke Rasmussen_video_41_start_0-14-56
" Og det er jo færdig nok, at man er uenig i, at man skal bruge mere tid til at få flere domme. Jeg vidste ikke, at Formalitetiessen nu på den korte tid her er blevet tilhænger af, at vi skal have med viden om den her lovgivning med udgangspunkt i, og finde ud af, hvordan vi kan gøre noget. Der er ikke noget, der tyder på, at den kritik, som Formalitetiessen rejser i forhold til det her lovforslag, har noget på sig. Altså, der er både kommet en vurdering fra ridsadvokaten og fra statsadvokaten, og den er jeg meget, meget tryg ved at læne mig op af. Spørgsmål?",Bjørn Brandenborg_video_44_start_4-03-31
