whisper-large-v2,file
" Jeg er præst for den anden flå. Jeg står fast på mit synspunkt. Det ligger i spørgerens kommentarer og begrundelser for spørgsmålet. Enfamilieshuse, hvad med tofamilieshuse? Der er ikke meget logik at hente ved at gå den vej. Logikken vil være at se. Det vil også være den rettesnore, vi skal følge fremover. Når vi skal videre,år markedet bliver bygget op, og det bliver nogle værdier, man har, for det faktisk kan være en værdi at sælge videre det, man får brugt ned på sin grund. Men der vil det også være min indstilling, at der vil det også være kvadratmeter. Nu er det så startet med 250 kvadratmeter. Når man vil gå længere ned, så vil det også være det reneste snit. Og nemmest at for stå for alle håndværker, nedrivningsvirksomheder, grundejere osv. prædammet af reglen, og den synes jeg, vi skal holde fast til.",Magnus Heunicke_video_40_start_1-14-14
" Det tror jeg, det er helt klart, at det kan være en vej at gå, at vi sætter os sammen og siger, okay, hvad kan vi opnå politisk enighed om? Skal jeg håndtere os i forordningen? Hvad kan vi begynde at gøre allerede nu? Og hvilke ting synes vi er vigtige, som forordningen ikke kommer til at håndtere? Forordningen kommer jo ikke til at håndtere det faktum, at hvis der er nogen, der har ondt i sigte og vil bruge deepfakes og andre teknologier til at sprede misinformation og destabilisere vores samfund, så er det jo ligegyldigt, at vi har en forordning, fordi de er jo kriminelle og har ikke tænkt sig at overholde loven alligevel. Så det kommer jo ikke til at betyde nogen forskel, om man har en forordning eller ej. Og hvad gør vi for at sikre, at vi har nogle gode, stærke institutioner og medier, hvor folk fortsat vil søge hen for at få sand og troværlig information. Det er en kæmpe udfordring, som forordningen jo ikke kommer til at løse. Så jeg tror sagtens, vi kan finde fælles fodslag. Det er jeg i hvert fald interesseret i.",Lisbeth Bech-Nielsen_video_41_start_2-30-46
" Og det er ikke sådan nogle udtryk, der vil kendetegne den nye ældrelov, som bliver lagt på bordet. For så kan jeg sige på forhånd, så står Dansk Voldtparti af. Altså en ældrelov skal indeholde noget, som man kan forstå. Flersprogspædagogik. Altså jeg må bede ordførerne om at glemme det ord. Og så sige stadigvæk, at de nationale standarder, jamen det har jo ikke sprog at gøre med byråkrati. Tværtimod er afbyråkratiseringen det nationale standard på, at man skal kunne sproget. Hvorfor?",Pia Kjærsgaard_video_44_start_6-33-24
" Jeg har meget tvivl om, at når der fx på russisk side er udtrykt positive ord om det her, så vil jeg tro, at der ligger alle mulige andre intentioner nede bag, så det er ikke en rus eller en støtte, jeg læner mig op ad. Jeg læner mig op ad bevidstheden om, at det, regeringen har gjort, det er klogt. Og jeg har, må jeg sige, ikke bare en oplevelse af, men faktisk viden om, at det indgreb, vi har foretaget med Folketingsopbakning, har jeg ikke mødt hos nogen kolleger noget sted i verden nogen kritik af.",Lars Løkke Rasmussen_video_41_start_0-14-56
" der trods alt ønsker at sætte det her i gang. Og det håber jeg, at regeringen lytter til, ligesom jeg også håber, at de lytter til de mange organisationer, som også peger på, at vi har behov for den her undersøgelse. Herunder faktisk også mandecentret. Og det synes jeg jo er interessant, at det både er kvindeorganisationer og organisationer, der repræsenterer mænd, som mener, at vi har brug for mere viden på det her område. Og det synes jeg faktisk, vi skylder offrene og sikrer, at det kommer.",Karina Lorentzen Dehnhardt_video_44_start_4-44-22
" Jeg vil starte med at sige noget af det, jeg har hørt ministeren sige. Ministeren er meget åben over for konkrete forslag på det her område. Det her område med miljø og tilpasning, samarbejde med kommunerne, ligger regeringen rigtig meget på sinde. Så jeg bliver simpelthen nødt til at korrigere SF's ordfører på det her område. Det er simpelthen ikke korrekt. Regeringen har ikke på noget som helst tidspunkt sagt, at de ikke vil tage en samtale om det her. Hverken den socialdemokratiske ordrefører, ministeren eller Venstres ordrefører. Lad mig starte med at sige, at vi deler ambitionen om at give kommunerne mere frihed og at styrke deres rolle i den grønne omstilling. Det er afgørende, at kommunerne har de nødvendige redskaber til at arbejde for at sikre rent drikkevand, fremme biodiversiteten, reducere klimabelastning og beskytte vores kystområder. Derfor vil jeg også meget gerne være med til at drøfte konkrete initiativer på området. Dog mener vi, at kommunerne allerede har betydelige redskaber til rådighed for at fremme den grønne omstilling. For eksempel har de mulighed for at arbejde med drikkevandsbeskyttelse ved en energi på land. Desværre er det bare ikke altid, at disse muligheder bliver udnyttet godt nok og til fuld tilfredsstillelse ude i alle kommuner. Så selvom frivilligheden normalt er den bedste løsning, kan det også på nogle områder være nødvendigt at indføre klare og ensartet krav til kommunerne. Særligt når det eksempelvis handler om at beskytte områderne omkring drikkevandsboringer. Vi skal nemlig sikre, at vi beskytter vores drikkevand også til de kommende generationer. Ministeren har allerede været inde på en hel del områder, hvor der er i gang sat initiativer. Så selvom vi i Moderaterne anerkender behov for at give kommunerne handlefrihed, mener vi, at det er vigtigt at balancere det med klare retningslinjer og krav. Det er vores ansvar. Det er kun vores ansvar at sikre, at den grønne omstilling skrider frem på en bæredygtig og effektiv måde. Og det er jo noget, vi skal gøre i fællesskab herinde i Folketinget. Alle 179 i samarbejde med alle vores dygtige kommunalpolitikere ude i det ganske danske land. Derfor må vi også stemme imod dette beslutningsforslag, da vi tror på, at vores nuværende initiativ og planer er vejen frem for at opnå dette mål. Vi er altid, altid, altid, altid, altid åbne for bedre løsninger og konkrete forslag fra alle vores kollegaer herinde, så vi kan finde den bedste løsning for vores miljø. Jeg ser frem til at fortsætte dialogen om, hvordan vi bedst kan sikre en grønnere fremtid. Tak for jeres opmærksomhed. Moderaterne kan ikke støtte forslaget.",Charlotte Bagge Hansen_video_40_start_1-59-38
" Tak for det, og tak, synes jeg også, for en tale, der fører os lidt tilbage i historiebøgerne. Man skal selvfølgelig også tilbage i historien for at blive klogere i forhold til fremtiden. Selv har jeg interesseret mig lidt for den 11. december 2002. Det er cirka et år efter, at VIK-regeringen har siddet ved magten. Herre Anders Fogh er statsminister. Fru Pia Kærsgaard og Dansk Folkeparti er støtteparti. Der kommer der et lovforslag herinde i Folketingssalen omkring indfødsret, Dansk Folkeparti stemmer for. Det gør de efterfølgende, har jeg noteret mig frem til, 13 gange. Det vil sige 14 gange har Dansk Folkeparti stemt for loven om indflydelseret. Og hvad jeg kan se, så er det omkring 35.000 mennesker, som Dansk Folkeparti har været med til at give statsborgerskab i Danmark. Det kunne jeg godt tænke mig at høre, om Orføren vil bekræfte, at det forholder sig sådan. – Ja, værsgo til Orføren.",Anders Kronborg_video_41_start_4-33-32
" Det handler nemlig om børnene og besøgelser og brevkontrol, som vi ikke har nogle særlig gode opgørelser over, men som jeg i hvert fald har set et tal på, ligger på omkring 50 procent. Det her betyder, at ægte fælder må tage fri for arbejde, fordi det skal ligge i arbejdstiden. Politiets arbejdstid, vel at mærke. Det er børnene, der skal hives ud af skolen i forvejen. Er de i en sårbar situation? Så kunne vi ikke finde en bedre løsning, hvor der også kan laves, hvis man skal oprette det holde den her ordning? Noget, som ikke går ud over børnenes skole og de voksnes arbejde.",Karina Lorentzen Dehnhardt_video_44_start_5-02-40
" Det er også noget, vi sætter rigtig stor pris på at lave de her aftaler. Men igen, det er jo noget, vi stadigvæk har hånd i hanke med, og vi holder øje med, og vi kan følge, så vi ikke går længere, end at vi også stadigvæk her i Folketinget kan tage det overordnede ansvar.",Birgitte Vind_video_40_start_1-48-19
" Det er et usædvanligt beslutningsforslag. Hvor konkret nogle beslutningsforslag er, vi skal komme med, før vi kan få lov til, at Moderaterne synes, det er en god idé. Er det næste gang, at radikale venstre kommer med et beslutningsforslag på de grønne områder, så skal de sige på matriklenummer D og D i den og den kommune, der ønsker vi, at det her bliver ændret. Eller kan man gøre det mere generalistisk og sige, at inden for den her kommunegrænse, der synes vi, at det er ok at lave bedre vilkår? Eller bliver det simpelthen for generalistisk, at det er inden for de 98 kommunegrænser?",Kim Edberg Andersen_video_40_start_2-15-42
" Ja, fordi det afgørende problem i den danske fertilitetsbehandling er ikke antallet af forsøg eller at man selv skal betale for nummer to forsøg. Lige nu er det store problem de ventetider, der er. Og at man også kan opleve at blive afmeldt i en behandling i flere måneder simpelthen på grund af manglende kapacitet. Og det må jo være frygteligt, når man ved, at der netop er mulighed derude, netop i det private, som jo i dag også fakt også varetager over halvdelen af de fertilitetsbehandlinger, der er i vores land. Så det er glædeligt at høre, at ministeren gerne vil kigge på det her område. Hvornår skal vi så i gang med det?",Louise Brown_video_41_start_0-37-58
" Tusind tak. Netop fordi man holder sig stedigt fast i denne her fuldstændig tåbelige konvention, som absolut ingen gavn giver til Danmark. Tværtimod. Der er jo masser af andre lande, som vi under normale omstændigheder sammenligner os med. Der er Spanien, Italien, Irland, Storbritannien, Frankrig, Belgien og jeg kunne blive ved og blive ved, som ikke har ratificeret denne her. Netop fordi det er tudetåsset at overlægge muligheden for at frakende statsborgerskabet fra dybt kriminelle mennesker til nogen helt andre end dem, der er valgt i Danmark. Så jeg kunne egentlig bare godt tænke mig at høre ministeren. Det ministeren reelt set står og siger her fra Folketingets talerstol, og jeg er jo synes ikke glad for, at ministeren anerkender, at det er det, der er realiteterne. Det er vi jo nogen, der har vidst længe. Det er, at Dansk Folkeparti faktisk er det eneste parti i Folketinget, der reelt set kan løse de massive problemer, der har været en forfejlet udlændingepolitik. Fordi vi netop er lige glade med konventioner, som den minister til synligheden er så glade for.",Mette Thiesen_video_41_start_3-00-06
" Jeg vil gerne have, at det er Folketinget, der styrer udviklingen i samfundet, end det er ministeren. Det er min grundholdning. Og selvom man har et kændt problem, og her har vi sådan set nogle høringsvarer, som gør opmærksom på, at man kunne sætte den der grænse lavere, så man kunne øge genbruget. Vi står overfor med nogle livscyklusanalyseberegninger, som er krav til byggeriet og krav om, at vi nedsætter CO2-udslippet for nybyggeri, og hvor genbrugsmaterialer sættes til 0 CO2-mæssigt. Vi står overfor, at der bliver et marked for genbrugsmaterialer, hvorfor ikke for flest mulige genbrugsmateriale ind i byggeriet? Det er der en CO2-effekt ved. Det er der jeg appellerer til at genoverveje den her 250 kvm-grænse.",Søren Egge Rasmussen_video_40_start_0-24-56
" Ministeren siger, at der skal være lokal frihed og lokal ansvar. Det kan jeg ikke være uenig i. Men samtidig fremlægger regeringen også et forslag om, at der skal være mere sprogstøtte og sprogscreening til sociale og sundhedselever. Det er jo dejligt, men det går måske lidt imod de tanker, som regeringen måske ellers havde på området. Jeg skal ikke kunne sige, om der er noget der. Når det så er sagt, så siger ministeren, at kvaliteten skal være i orden, og man skal sætte nogle mål. Så hvordan får vi målt på kvaliteten i forhold til dansk kunskab og en ældreplejling?",Marlene Harpsøe_video_44_start_6-21-19
" Nu bliver jeg ikke så berørt af det, ordføren siger lige nu, fordi jeg ved, at ordføren kender mig godt nok til, at magtafgangsne ikke lige ligger i min DNA. Det jeg opfordrer til, er at komme med nogle flere konkrete eksempler. Lad os få sat ind, for der er jo ikke nogen herinde, der er uenige i, at vi ikke skal sætte ind på alle parametre, som vi kan. I den krise, vi er i lige nu, så kom med noget konkret. Der er ikke noget, der bliver fejret af bordet. Vi tager det hele op. Der bliver arbejdet hårdt og konstruktivt over fra ministeriet. Så kom med jeres forslag.",Charlotte Bagge Hansen_video_40_start_2-08-20
" Vi støtter også forslaget. Det er positivt, at man med det her forslag indfører flere defensive forudstaltninger over for selskaber i skattely. Det er sådan set noget, vi længe har efterspurgt, fordi det er selvfølgelig helt urimeligt, at der er selskaber og enkelpersoner, som undrer sig skat, som opererer og tjener penge, f.eks. i Danmark, lever godt på det, men ved hjælp af skat, undrer også og bidrager til det samfund, som er baggrund, kan man sige, eller på vis skuldre, at man skaber sin succes og sin formue. Det er nogle relativt begrænsede skridt, måske nogle af dem lidt mere symbolskarakter og vi jo ikke løser det enorme problem vi har med skattely, som jo koster vores samfund og dermed jo alle skatteydere rigtig, rigtig mange penge hvert eneste år. Det skyldes, at man i Danmark har valgt at tage udgangspunkt i EU's skattely-liste, som jo er mangelfuld. Der er jo notoriske skattely-lande, som ikke er omfattet af den her liste, og som det også har været nævnt før, så er det selvfølgelig også en udfordring, at deattely, som er EU-medlemsstater, som f.eks. Luxemburg og andre, ikke er omfattet og ikke kan omfattes af den her liste. Det er et problem, fordi vi ved, at meget ofte anvender man jo ikke skattely direkte, men bruger en mellemstation, som f.eks. Luxemburg, for at kanalisere sine penge ud i skattely, og dermed kan det blive svært at opdage og dermed sanktionere de selskaber, der gør det her. Den danske regering har ikke været specielt offensiv i de debatter i EU i forhold til at få udvidet den her skattely-liste, og det er et problem. Og selv hvis man havde tabt i kampe, så kunne man jo have lavet en mere vidtgående skattely-liste selv. Og det har vi jo mange år foreslået fra enhedslistens side, at man skulle. I det hele taget, så er der en eller anden afstand mellem den opfattelse, der bliver givet udtryk for heroppe, og har gennem tiden gjort, da partier og regeringspartier, og så den reelle indsats, der bliver gjort. Vi så det f.eks. under coronahjælpepakkerne, hvor vi fra enhedslæsningssiden sammen med andre partier foreslog, at det skulle stilles som betingelse, at hvis man skulle modtage hjælpepakker fra staten, så var der oplagt, at man ikke samtidig kunne operere af skattely. Det var der ikke vilje til dengang, og det var endda på trods af EU-kommissionen sådan set opfordret medlemslandene til at lave de krav i forbindelse med hjælpepakker. Så vi er meget langt fra i mål, men et hvert lille skridt i den rigtige retning er selvfølgelig positivt, og derfor støtter Enhedslæsningssiden forslaget.",Pelle Dragsted_video_41_start_2-43-48
" Det er vores generelle opfattelse, at loven, som den er i dag, allerede kan ordentere de ufordringer, som der er. Så kan man måske kigge lidt på, om det altid bliver håndhævet så meget, som det burde. Menourcerne, fordi der er så meget forurenet jord. Nogle gange er man nødt til at prioritere, hvor man sætter ind. Det er lidt for rigidt at sige, at der skal fremsættes et lovforslag om et forbud om at bygge og anlægge infrastruktur. Jeg synes, det er reglerne er fine, som de er i dag, hvis de bliver håndhed tilstrækkeligt. Og så er vi åbne for at kigge på den anden del af SF's forslag.",Alexander Ryle_video_40_start_3-45-24
" Vi har ikke nogen problemer med straf i enhedslisten. Nu er Hr. Mikkel Bjørn medforslagstillet på et forslag, vi skal diskutere henne i morgen, som også handler om straf. Jeg er til hverdag også retsordfører i enhedslisten. I morgen tænker jeg, at jeg kan lægge en post-it ned hos Hr. Mikkel Bjørn, så han kan se, hvor mange gange enhedslisten har været med til at hæve straffene for ekonomisk kriminalitet, for eksempel digitale krænkelser. Men det kan godt være, at hr. Mikkel Bjørn heller ikke kan læse det. Det skal jeg jo ikke kunne svare på.",Rosa Lund_video_41_start_4-11-30
" Det er ikke beslutningsforslaget, det handler om at lave retningslinjer, der bliver efterspurgt fra virksomheder, kommuner og skoler. De siger, at de ikke kan hjælpe os med retningslinjer. Det handler ikke om hård lovgivning. Det handler om at klaregøre, hvilke regler vi allerede har, vi kan bruge de her nye teknologier på den bedst mulige måde og høst alle de gevinster, der er, men ikke ved at falde i alle de her fælder. Og det kan jeg simpelthen ikke forstå, at der er den modstand mod at give en hjælpende hånd til dem, der beder om det ude i vores samfund.",Lisbeth Bech-Nielsen_video_41_start_1-23-48
" Men jeg ved jo også, at nogle af de organisationer, som er nævnt i beslutningsforslaget, er i fuld gang. Der bliver jo sat hegnspæle op hele tiden allerede nu. Og når vi allerede kan se rammerne for det, vi skal udmynde i forhold til EU-reguleringen, så kommer det jo til at rulle fra nu af, trods alt. Og jeg er bare i tvivl om, at når forslagstilleren siger, at de relevante minister straks formulerer retningslinjer til forskellige dele af samfundet, og erhvervsministeriet bør udarbejde retningslinjer til landets virksomheder, så har jeg lidt behov for at vide mere om, hvad de retningslinjer skal indeholde, og hvad skulle ministeren arbejde ud for, når de også ønsker at tage afsat i de kommende AI-reguleringer?",Mona Juul_video_41_start_2-03-53
" Det har I alle efterspurgt af nogle omgange. Jeg er glad for, at vi kan lægge det frem, så vi kan komme i gang med forhandlinger. Vi har ikke aktuelt planer om sprogkurser, men Smøren har ret i, at internationale arbejdskraft er en satsning og et fokusområde for regeringen. Og vi skal selvfølgelig sikre, at der er den fornyende kvalitet omkring det.",Mette Kierkgaard_video_44_start_6-25-36
" Hvis jeg prøver at afgrænse det i forhold til, hvor er det, vi mener, man skal kunne indlede frakendelsesager af statsborgerskab, så er det, når det kommer til kriminalitet af særlig farlige karakterer, serieforbrydelser, voldtægtsforbrydelser. Men det er også korrekt fortolket, at ja, det er et svigt, lige meget hvilken kriminalitet man egentlig begår, men det er ikke fordi Liberalale Alliance ønsker at indlede frakendelsessager, at kriminalitet er mindre grad.",Sandra Elisabeth Skalvig_video_41_start_3-57-08
" Og det er jo fair nok, at man er uenig i, at man skal bruge mere tid til at få flere domme. Jeg vidste ikke, at fru Mette Thiesen nu på den korte tid her er blevet tilhænger af, at vi skal have mere viden om den her lovgivning med udgangspunkt i at finde ud af, hvordan vi kan gøre noget. Der er ikke noget, der tyder på, at den kritik, som fru Mette Thiesen rejser i forhold til det her lovforslag, har noget på sig. Altså, der er både kommet en vurdering fra Rigsadvokaten og fra Statsadvokaten, og den er jeg megethovedet ikke.",Bjørn Brandenborg_video_44_start_4-03-31
" hjælp og vejledning til vores virksomheder og offentlige myndigheder i brug af kunstig intelligens. Tværtimod mener jeg faktisk, at vi har en meget stor opgave i at hjælpe og vejlede og rådgive vores virksomheder i brug af kunstig intelligens. Men der hvor uenigheden opstår, det er, om vi skal anlægge et udvidet forsigtighedsprincip i forhold til kunstig intelligensforordning. Jeg mener, at det vejledning og rådgivning, vi giver vores virksomheder og offentlige myndigheder, de skal følge forordningen og være inden for rammerne. Vi kan ikke begynde at lave nogle andre retningslinjer eller tilægge et andet princip, som ikke flugter forordningen.",Marie Bjerre_video_41_start_1-24-29
" Jeg synes, vi skal huske, at når vi frisætter, så handler det bare om, at man har frihed til at gøre noget. Og så skal man jo diskutere herinde, hvor meget kontrol mener vi så, der skal være med den her frisættelse, og specielt når det kommer til natur- og miljøområdet. Så vil det jo påvirke andre kommuner. Og det kan selvfølgelig godt være positivt, men jeg hører også ministeren sige, at man jo ikke lukker nogle døre i forhold til, at der er andre emner, man kan tage op og se på. Der er jo ikke noget, der er statisk i politik, og det kan da godt være, at der vil være nogle områder, hvor det kan vise sig, at her kan vi, ligesom vi har gjort på Grønne Bymætter, at her kan vi lave nogle aftaler, som vi kan sprede ud til flere kommuner.",Birgitte Vind_video_40_start_1-50-09
" Det er absolut. Der er fremskridt. Der er også andre fremskridt omkring fx de her forhandlinger, der har været i OECD omkring fælles minimumsatser, som jo også er en måde at komme noget af det her til livs. Og de her forskellige mekanismer, som man arbejder på at indføre for at kunne beskatte de virksomheder, som ikke bliver beskattet ordentligt der, hvor de er hjemmehørende. Så international samarbejde både i EU og i OECD er jo helt afgørende for at få gjort noget ved det her. Det er svært at gøre som en enkelt land, selvom vi kun tentativer i Danmark også. Så det er positivt. Problemet er, at de kriterier, EU bruger for at sortliste, er relativt limplige. Det vil sige, at nogle af de lande, der bliver taget af listen, kan man godt diskutere, er de rent faktisk ikke stadigvæk skatteløse landet? Og er de ikke stadigvæk en belastning af vores evne til at kunne indkræve de skatter, som vi bør for de selskaber, som tjener penge på at operere i Danmark?",Pelle Dragsted_video_41_start_2-47-30
" Det var et spørgsmål til mig heroppe. Jeg er sådan set enig i det, der allerede er blevet sagt i debatten. Jeg mener ikke på nogen måder, at der er nogen, der forsøger at feje noget af den her debat under gulvtæppet. Jeg synes faktisk, at ordføren begår en fejl i det, ordføren siger. Jeg synes faktisk, at nogle af dem, der lykkes med at beskrive nogle af de udfordringer, er blandt andet med for mange indvandrere, der begår alvorlig kriminalitet af nogle af vores lokalmedier. Jeg synes, at de er nogle af dem, der er gode til at beskrive, når der bliver begået alvorlige forbrydelser i deres lokalsamfund, og også beskrive Det er relevant.",Bjørn Brandenborg_video_44_start_2-59-01
" Jeg vil gerne sige, at hvis det skulle have været en god og grundig gengange fra Socialdemokraterne og Sovefører, så er det andre gange, hvor jeg har oplevet dem endnu mere grundigt. Men jeg anerkender selvfølgelig også, at det ikke er det mest hvidt løftige lovforslag, det vi behandler her i dag. Det er et mindre lovforslag, som sikrer en bedre præcisering i forhold til at sikre borger et bedre retsgrundlag i forhold til, hvis det bliver omfattet af miljøskader. Og det er jo sådan, at hvis man kigger på EU-kommissionen, så har de jo konkluderet, at del af det her miljøansvarsdirektiv ikke var tilstrækkeligt gennemført i Danmark, og ikke klart præciserede, hvad regler og vilkår der var i forhold til den enkelte borger. Det er det, der forsøges genoprette med forventelse med det her lovforslag, og det støtter Danmarks Demokraterne.",Hans Kristian Skibby_video_40_start_0-08-46
" I Danmark er varetægtsfængsler, hvis den sigtede har gjort noget strafbart, som har en strafferamme på et år og seks måneders fængsel. Derudover skal dommeren vurdere, at der er en risiko for, at den sigtede flygter, at den sigtede vil begå ny lovholdsredelse eller at den sigtede vil prøve at forhindre opklaring af sagen, f.eks. ved at slætte sine spor, påvirke vidner eller medgerningsmænd. Det synes jeg er et ret fint argument at få varetægtsfængslet. I Danmarks Demokraterne ønsker vi ikke, at g gerningsmænd, som kunne være sigtet for frygtelige forbrydelser, som vi så med ubådssagen, skal kunne gå frit rundt og kommunikere med omverdenen og potentielt obstruere en efterforskning. Derudover mener vi i Danmarks Demokraterne heller ikke, at vi af hensyn til for eksempel offre for personfarlig kriminalitet kan tage så store hensyn til gerningsmænd, som det i så omfattende en grad forslås med forslaget. Det er vores klare opvisning, at for at bevare borgernes retsfølelse og retssikkerhed, er det nødvendigt, at varetægtsarstander forbliver bag lås og slå. I Danmarksdemokraterne står vi altid på offertside. Forslagstiller henviser til spørgsmål 382 af 6. marts 2023 i forhold til hyppiger og længere varetægtfængslinger. Men tabellen siger jo noget andet. Her kan man se, at antallet af varetægtfængsler er faldet stødt siden 2014 til 2022. Til gengæld er det korrekt, at de varetægtfækninger, så vi går videre i ordføringen.",Betina Kastbjerg_video_44_start_5-34-01
" Hvis det kun var 55 mio. kr. der afgjorde udviklingen af kunstig intelligens for Danmark, så stod vi skidt til. De 55 mio. kr. er afsat til en strategisk ramme for udviklingen af kunstig intelligens for at presse på for yderligere investeringer i kunstig intelligens. Jeg tror, at ordførerne er enige med mig i, at det jo ikke er den offentlige stat, der skal investere i kunstig intelligens. Vores virksomheder skal med og investere i kunstig intelligens. Det er vigtigt for mig som digitaliseringsminister at få sendt et signal til vores erhvervsliv om at er i jul.",Marie Bjerre_video_41_start_1-25-35
" Hvis man tænker eksemplet til ende, så ville du jo fretage et statsborgerskab fra en person, som havde begået kriminalitet, som var blevet dømt ved danske domstole, som man skal. Det vi ikke modstander af i engelsklisten. Jeg kan forstå, at Dansk Folkeparti har lidt svært ved at læse vores politik, men det lever jeg så fint med. Så ville personen vedkommende være blevet dømt, så havde vedkommende fået fretaget sit danske statsborgerskab, hvis det stod til Dansk Folkeparti. Og så ville vedkommende jo sidde på et udrejsecenter et eller andet sted. Hvordan skulle det hjælpe nogen som helst? Og hvordan skulle det i øvrigt sikre, generelt, at der ikke ville være kriminalitet i Danmark? Det er bare for at sige, hvis der var så nemt, ville der jo ikke være nogen kriminalitet i Danmark. Dansk Folkeparti har jo haft held med, desværre må jeg sige, at hæve straffene i det her land de sidste 20 år. Har du stoppet kriminaliteten i det her land, herr Mikkel Bjørn? Ja eller nej?",Rosa Lund_video_41_start_4-09-55
" Jeg vil bare være meget tilbageholdende med at konkludere, at det er fordi vi nødvendigvis varetægt fængsler for meget. Det kunne fx også godt være, at man i Sverige varetægt fængslet for lidt i forhold til de enorme kriminalitetsudfordringer, som man har derovre. Og derfor er jeg bare meget varesom med at konkludere skarp på, at svaret på den her problemstilling og den her helt åbenløse udfordring, fordi det er jo klart, når man har eksempelvis i Vesterfængsel et belæg i perioder, sidste jeg besøgte den, der havde de et belæg på 115 procent, det skaber jo enorme udfordringer, og derfor tror jeg, at vi alle har en interesse i at få et 360 graders blik på hele den her problemstilling. Tak. Så er det fra Karina Lohansen, DNH, Socialistisk Folkeparti.",Peter Hummelgaard_video_44_start_4-59-30
" Jeg har ikke været i dialog med den israelske ambassade om denne konkrete sag. Det kan jeg sige med sikkerhed. Vi tager jo medansvar. Det er blandt andet derfor, at vi i den seneste afstemning i FN's Generalforsamling stemte for en resolution, der opfordrer til umiddelbart humanitær våbenbil. Det er derfor, at vi alle de steder, hvor vi deltager, og jeg har selv gjort det også bilateralt overfor den israelske minister og andre møder, har deltaget i, altså understreger vigtigheden af, at man overholder folkeretten herunder en humanitær folkeret. Men man kan jo godt tage det medansvar og intervenere, nær sagt, internationalt politisk, uden at man af den grund skal intervenere i retssager, der rejses af andre lande. Det næste spørgsmål.",Lars Løkke Rasmussen_video_41_start_0-22-37
" Vi bliver alle interesseret i, at medarbejderne kan kommunikere ordentligt med de ældre borgere. Det handler om, hvordan man anskuer og hvordan vi løser det her problem bedst muligt. Med de sprogbarrier, som kan være, at man har problemer med sproget. Det kan også være ordblindhed og alle mulige andre ting, som besværliggør hverdagen. Og der tror jeg, at jeg i højere grad mener, at man løser det ved fx at lave sprogstøtte, ved at lave sprogscreening, ved at opkvalificere underviserne til at kunne undervise i flere sprogspædagogik, ind ved at indføre nationale standarder og mere detaljstyring og kontrol, som er noget af det, som jo lige præcis tager tiden væk fra borgerne. Det er jo al den her detaljstyring, al den her kontrol og tilsyn, som tager tiden væk fra trygheden i ansigts- og ansigtskontrakten. Spørgeren? Flersprogspædagogik.",Fie Hækkerup_video_44_start_6-32-18
" Det har jeg også sat i gang. Jeg er blevet kontaktet, måske af nogle af de samme gode folk, som har kontaktet rådførende i forhold til, at der er nogle udfordringer på det område her. Det mener jeg da bestemt, at vi skal kigge på. Man kan jo altid diskutere, hvad en sport er, men så længe vi ikke kvalificerer bl.a. dart og skak og andre ting som sport, så kan jeg heller ikke se på, hvorfor man ikke skulle kvalificere esport til at gælde under samme kategori. Så det er jeg i gang med, men jeg synes også, det er fair nok lige at give lidt tid til, at man kan undersøge, hvad er problematikken, hvad er det for nogle procedure, der er gået galt, siden folk oplever det på den måde her, før vi træffer konklusioner om, hvad der så skal gøres ved det.",Kaare Dybvad Bek_video_41_start_0-55-22
" Det er jeg glad for, at ordførerne er klar på, for det beviser netop, at vi godt kan gå ind og se på at give kommunerne nogle lempelige regler, hvis vi ellers sætter os ned sammen. Det er jo sådan set det, det hele handler om. Det jeg også synes er lidt ærgerligt, at ordførerne sørger for at bevæge sig ud i, er at kalde regeringen magtfuldkommen. Jeg ved ikke, om det er det præciste ord, men det er jo sådan, jeg tolkede det. Jeg synes netop, at vi sætter os ned og får lavet brede aftaler, 85 procent af de aftaler, vi laver her i Folketinget, er på tværs af Folketingets sal.",Birgitte Vind_video_40_start_2-33-22
" Det er fuldt tilgængeligt og kommer hver eneste år som en del af Danmarks Statistik's årlige rapport Kriminaliteten i hver enkelt år. Så de oplysninger er jo tilgængelige. Og det er i øvrigt en meget relevant og vedholdende del af den offentlige debat. Men at gøre det, som Mikkel Bjørn foreslår, nemlig at detaljregulere, hvordan politiet i konkrete situationer udsender sine anledninger – – ud fra en politifaglig vurdering til, hvad der skal til for at kunne finde mistænkte for forbrydelser. Det er jeg simpelthen ikke enig i. Så er det, fru Mette Thiesen. Tusind tak.",Peter Hummelgaard_video_44_start_2-52-19
" Mange tak. som giver borgerne nogle folkeretlige rettigheder. I det konservative Folkeparti mener vi, som vi hele tiden har sagt, at kriminalitet absolut ikke skal premieres med et dansk pas. Derfor er vi, som forslagstillerne giver udtryk for, også meget frustreret over, at det ikke er muligt at fratage kriminelle personer som voldtægtsforbrydere og serikriminelle dansk statsborgerskab som konsekvens af deres kriminalitet. Derfor har vi også af flere omgange opfordret ministeren til at udfordre konventionerne og undersøge, hvad vores handlerum inden for konventionerne er. Jeg har også stillet spørgsmål til ministeren om, hvilke konsekvenser det vil have, hvis vi trådte ud af Statsborgerretskonventionen. Og vi har flere omgange været med til at få strammet kravene for at fordanne statsborgerskab og vil gerne drøfte yderligere stramninger. Regeringen har jo selv skrevet i sit regeringsgrundlag, at vi skal afklare Danmarks manøvrerum i forhold til konventionerne. Og det synes jeg, vi skylder danskerne. Og jeg venter stadig på den afklaring. Vi skal også huske, at det er Socialdemokratiet, der tidligere har foreslået, at statsborgerskaber skal kunne frakendes ved personfarlig kriminalitet. Noget, som konventionerne også har sat en stopper for. Senest har Socialdemokratiets udlændingeordfører, hr. Frederik Wad, udtalt sig i negative vendinger om konventionerne. Så jeg synes ærligt talt, at vi har hørt nok snak. Lad os se at få afklaret vores manøvrerum i forhold til konventionerne, så vi kan stille Danmark og danskerne i den bedste position. Når det så er sagt, så er vi ikke der, hvor vi på baggrund af beslutningsforslaget her vil udtræde af Statsborgerretskonventionen. Alt skal gå ordentligt til, og Danmark skal naturligvis leve op til internationale forpligtelser. Men lad os nu udfordre og undersøge vores handlerum, som jeg har opfordret til, og som jeg håber på, at regeringen og ministeren vil handle på. Tak for ordet. Ja tak, og der er lige en kort bemærkelse.",Brigitte Klintskov Jerkel_video_41_start_3-58-41
" Nu står jeg her på regn af regeringen som indrids- og sundhedsminister, men jeg vil gerne give den serviceoplysning, fordi Venstre kom med et rigtig godt, synes jeg, fatilitetsudspil inden folketingsvalget, og vi har nu på ét år gennemført to ud af de tre forslag, som vi kom med. Og det er jeg rigtig stolt af, at vi har sørget for at sikre, at vi nu har kunnet sætte så mange flueben på så kort tid. Nu er jeg også som indrids- og sundhedsminister optaget af, at vi skal have bekæmpet de alt for lange ventetider, og dialog om, hvordan vi kan bruge de private aktører til at sikre, at vi kan give parerne en hurtigere adgang til fertilitetsbehandling i Danmark.",Sophie Løhde_video_41_start_0-37-11
" vores social- og sundhedsuddannelsesudspillelser. Det er ikke i ældreloven, men i hvert fald i SOSU-udspillet, der fremgår det. I virkeligheden går jeg ikke så meget op i, hvad det er for nogle ord, vi skriver i udspillene. Jeg går mere op i, for at vi skal skabe nogle løsninger, der virker ud lokalt. Det jeg prøver at sige med det er, at jeg synes det er fornuftigt, at vi uddanner vores undervisere på skolerne til at kunne løfte de sprogligt svage elever.",Fie Hækkerup_video_44_start_6-34-02
" Det spørgsmål, der rejses her i forhold til udenlandsk arbejdskraft, skal selvfølgelig også vejes ind i den videre proces med det her forslag. Det er en helt naturlig del af det. Jeg synes, at ministeren var inde på, at man med rette kunne kigge imod for eksempel Lolland, som har gjort sig gode erfaringer med at tage imod udenlandske arbejdskræfter allerede.",Fie Hækkerup_video_44_start_6-37-21
" har fået tildelt dansk statsborgerskab, så er man jo dansker. Og det er derfor, jeg grundlæggende ikke forstår den forskel, som Dansk Folkeparti laver. Altså danske statsborger er danske statsborger, uanset hvordan man vender og drejer det. Og så må jeg da så bare tilføje til Dansk Folkeparti, at det er jo Dansk Folkeparti, der har haft held med, at det er så svært at blive dansk statsborger i dag, som det er. Altså det er noget, man kan lægge over på enerslisten. Jeg ville da ønske, det var os, der havde stirret udlændingepolitikken de sidste 20 år, men det er det ikke. Ja tak. Så er der en kort bemærkning til her.",Rosa Lund_video_41_start_4-14-09
" at sikre en stærk retspolitik. Det her beslutningsforslag udstiller, at DF ingen viden har om, hvad et sådant forslag kommer til at have af effekt på retspolitikken. Man aner ikke, hvilke effekter det her kommer til at få på domstolene og politiet. Og det synes jeg, at man skylder at gå hjem og undersøge ved at tage kontakt til dommerforeningen, tage kontakt til politiforbundet. Og så vil man se, at det her kommer til at skade efterforskningen, og at beslutningsforslaget er helt i regnet. Godmorgen. Jeg kan fortælle ordførende, at det her forslag handler om,",Mai Mercado_video_44_start_3-34-05
" Det er jo det, som jeg lige sagde. Det er jo, at det her forslag, som ordføreren stiller, som handler om at lave en ny undersøgelse med udgangspunkt i en gammel undersøgelse, skal være færdig inden årets udgang. Og der siger jeg, at det forslag, må man se i lyset af, at vi får ikke sat lang tid siden for et par år siden, jeg tror selv, at ordføreren var ordførende på det forslag, jo indførte det nye samtykkebaserede bestemmelses- og straffeloven. Og som jo gør, at mange af de sager, der kører nu, er forholdsvis nye, og derfor er der ikke så mange af dem, og derfor vil vi ikke have det. Næste korte bemærkninger til Fru Mette Thyssen, Dansk Folkeparti.",Bjørn Brandenborg_video_44_start_4-01-34
" Det er fuldstændig korrekt, at lyset var gået ud. Nu er det lys i lampen. Vi prøver at fortsætte, og ellers vil jeg foreslå i første omgang, at vi prøver at køre, og så vil beordfældet blive bestående for, at der er et par korte bemærkninger, og så er man lige foran en sæl, der siger 30 sekunder, hvis det ikke kan virke. Vi prøver, om vi kan fortsætte, og det er fejlanmeldt. Men forløbet har bare anmeldelsen virket. Så det må vi sige,ige. Det er godt. Vi fortsætter. Der er en kort bemærkning til fru Brigitte Winten.",Erling Bonnesen_video_40_start_2-31-17
" Tak for det, og tak til ordførerne for at fremlægge sine synspunkter. Ordførerne nævner blandt andet planloven som et af de steder, man måske skulle sætte kommunerne fri for. Jeg ved ikke, om ordførerne er bekendt med det, men det er jo ikke mange uger siden, at man sidst har ændret i planlovgivningen, så det faktisk nu er muligt for kommunerne at sætte fri, fx i forhold til herregårdslandskaber, hvor man kan oprette solceller og vinde energi? Jeg ved ikke om ordførende er bekendt med det?",Birgitte Vind_video_40_start_2-31-48
" Først og fremmest det her med, at det skulle være en ekstra straf, at politiet overfor medier eksempelvis skal redegøre for, om det er udlændinge, der har begået en gruppevoldtægt. Det er det eneste, de skal redegøre for, og det står i forslaget, at det ikke skal være personhenførbart. Man skal bare vide, hvem er det, der har begået, hvilke typer af mennesker er det, der har begået den her type kriminalitet. Fordi vi jo godt ved, at særlige typer af personfarlig kriminalitet bliver begået af særligt mellemøstlige indvandrere og ikke så meget danskere og vestlige indvandrere. Og så siger ordføren, at det ikke er Folketingets opgave det her. Jo, det er det da. Fordi som ordføren selv nævner, så siger Retsplejelovens, paragraf 818, at det kun er i tilfælde, hvor det handler om at identificere en gerningsmand, at politiet skal opgive sine allemange. Og det er der, hvor vores pointe i Dansk Folkeparti ganske enkelt er, at det er relevant for samfundsdebatten at vide, hvem det er, der begår særlige typer af kriminalitet, når man eksempelvis kan læse en historie om en gruppevoldtægt begået mod en 14-årig pige. Ordføreren? Altså, I pakker for, at under 1 stykke 2 står der, at det er",Mikkel Bjørn_video_44_start_3-07-39
" – som Socialdemokratisk Ordførersag. Det, man måske mere efterspørger, det er, at medierne i højere grad beskriver etnicitet og herkoms fra de domfælde. Det er jo sådan set ikke folketingsbor her. Jeg må gøre opmærksom på, at Retsplejen i Danmark, som alle overvejende udgangspunkt er offentlig, – – at dommer er offentlige, det er flere hundrede år siden, vi havde hemmelige domme. Skulle man være helt i tvivl, kan man gå en tur i byretten og kigge på retslisterne. Så får man også set, hvem der er tiltalt. Det kræver meget fantasi at finde ud af herkomsten i givet fald. Så der er jo ikke noget, der holder skjult. Men det, man ønsker er, at der skal skrives et manuskript til aviserne. Det må pressen altså selv finde udgivelse af døgnrapporter eller omtale af specifikke hændelser. Det er den ene ting. Jeg må sige, der står jo meget i døgnrapporterne. Der står jo altså også, om det er en 13-årig dreng, der har stjålet et eller andet i en forretning, som man nu har fået en anmeldelse om. Det vil altså sige folk, der ikke kan straffes på normal vis. Det kan være mentalt handikappede personer og lignende, som så pludselig der skabt præcis sin allemang ud af. Og det til trods for, at politiet sikkert udmærket ved, hvem det er. Det er jo lidt af en misforståelse. Muligheden for det her, at det er sin allemang, det er jo det, der står i Retsparlamentet fra år 2018. Det er jo et efterforskningsskridt, som Justitsministeren jo også var inde på. Hvis man ved, hvem det er, så er det jo ikke det, man skal diskutere. Så jeg vil nok sige, at forslagets første led betyder jo altså, at der skal sine allemange af alle gamle som ældre, og også dem, man i forvejen ved, hvem er. Man er så ikke ude på at give en ekstra straf. Det er ikke det, vi skal lave om på, så i givet fald, hvis det er det, der skal diskuteres. Det andet element her, det er, at regeringen skal udarbejde initiativer, som sikrer, at politi, domstole, journaliserer et præcis signalement af anholdte, mistæn findes de oplysninger jo allerede i dag. Selvfølgelig skal debatten basere sig på faktuelle oplysninger, men der er jo ikke noget, der holdes skjult for folk i den her sammenhæng. Så derfor mener vi ikke, at der er behov for det, der anføres i beslutningsforslaget, og det får derfor ikke Venstres stemme.",Preben Bang Henriksen_video_44_start_3-04-20
" Det, som ministeren og jeg selv insisterer på, er, at politiet har mulighed for at passe deres arbejde og gøre det på den måde, som de også selv synes er den bedste måde at gøre det på. Det er jo blandt andet at bruge sine læmanger. Jeg ved ikke, hvor ordføreren har den forståelse af, at man ikke gør det. Jeg synes i flæng, at man heldigvis ser, at politiet også bruger, hvordan folk ser ud, hvilket etnicitet de har, når de laver sine lævaner, fordi det netop skal bruges til at kunne opklare nogle af de meget alvorlige forbødelser.",Bjørn Brandenborg_video_44_start_3-00-24
" Om et byggeri eller etablering af infrastruktur kan finde sted, bør, som det også sker i dag, foretages på en konkret projektspecifik grundlag og på baggrund af en dokumenteret risikovurdering. Et generelt forbud vil potentielt øge omkostningsniveauet ved nyetablering af byggeri og infrastruktur fremadrettet. I forbindelse med håndtering af j jordforurening, er det generelt vigtigt med en hård prioritering af ressourcerne, så indsatsen placeres der, hvor der er dokumenteret risiko for mennesker og miljø. Der findes i dag allerede en lang række teknikker til håndtering af jordforurening i forbindelse med byggeri og anlægsarbejde, som sikrer mod fremtidig risiko og mulighed for oprentning uden øget omkostninger, helt i henhold til den eksisterende jordforureningslov. Og derfor mener vi i Liberal Alliance, at SF's forslag om et generelt forbud er en meget ufleksibel løsning på et problem, som der allerede findes lovgivning om. Men hvis jeg alligevel skal vise en vis form for åbenhed i forhold til det forslag, som SF er kommet med, så synes jeg jo egentlig, at der er nogle dele, f.eks. det her med ensartet krav til, hvor højt inddørsluftens indhold af kemikalier må være, som godt kunne give god mening at kigge lidt på igen. Fordi, som ministeren jo var inde på, så har man valgt at prioritere drikkevand, natur og menneskers sundhed. Men vi bruger også mange timer på vores arbejdsplads, så derfor synes jeg jo også, at der bør være en høj kvalitet af luften der, fordi det jo også påvirker sundhed og sikkerhed. Så med en lille åbning for dele af forslaget, men altså vi kan ikke støtte det samlede forslag primært på grund af forbudselementet, som er lidt for rigid til vores mage.",Alexander Ryle_video_40_start_3-42-15
" Det er desværre forhåndende flere steder i retssystemet, som skaber de udfordringer, som ligger til grund for beslutningsforslaget og ønsket om kortere varetægtsfængslinger. Sagsplanningstiderne, hvilke politiet, anklagmyndigheden og domstolene kan trække ud, vil ikke betyde, at varetægtsfængslingen i nogen tilfælde trækker ud, som følge af de lange sagsbanestider. Men når med søs og flers aftaler, som Radikale Venstre selv var med i for domstolene fra 2023, kan vi forhåbentlig komme med stor del af udfordringen til livs. Med flere dommer og eurister skal sagsbanestiden bringes ned, og det kan forhåbentlig også nedbringe vejheden af varetægtsfængslingerne. En anden del af beslutningsforslaget indebærer, at man kigger ind i at begrænse antallet af varetægtsfængslinger. For os i Moderaterne er det vigtigt at slå fast, at varetægtsfængslinger står som et centralt element for både retsfølelsen og retssikkerheden i Danmark. Det er vigtigt, at eksempelvis personer, som er sigtet for grove forbrydelser, ikke render frit rundt på gaden og potentielt møder dem, som har anmeldt dem. Derudover bliver der ikke varetægtsfængslet, medmindre at der er et proportionalt indgreb, som så at sige matcher længden af den forventede straf samt den sigtede personlige forhold. Og der er det sådan, at 85 procent af de varetægtsfængslet ender faktisk også med at få en ubetænket straf efterfølgende i forbindelse med en retssag. Vi har tilskruet til, at domstolen straffer de rigtige beslutninger omkring varetægtsfængslinger, så vi eksempelvis undgår, at sigtede personer begår ny kriminalitet. Og det skal egentlig også nævnes i forlængelse af det, at antallet af varetægtsfængslinger også er faldet med over 20 procent inden for de seneste fem år. Når det er sagt, så hilser vi imoderaterne forslagstillerens budskab omkring alternativer til varetægtsfængsling velkommen. Imoderaterne vil særligt optage det at først og fremmest have et forbyg kriminalitet og dernæst at sikre bedre resocialisering, så vi som samfund undgår, at personer falder tilbage til ny kriminalitet. Her er det særligt vigtigt, at vi retter fokus for os at se mod unge lovåretrædere mere end vi gør i dag. Og at vi også retter fokus på førstegangskriminelle, altså folk, der ikke er tidligere straffet. I forhold til den gruppe vil vi gerne se ind i muligheden for eksempelvis, at man kan få fodlænke på i stedet for at blive varetægtsfængslet og i det hele taget også kan afzone efterfølgende med fodlænke. For med de kapacitets- og mandskabsproblemer vi har i kriminalforsorgen, så synes jeg faktisk, at det giver ganske god mening. Og det håber vi også, at flere partier er villige til at kigge ind i, når vi i første halve år af 2024 skal have videre drygtfølser omkring varetægtsfængslinger. Så i moderat en del er vi sådan set radikalsk bekymring omkring den stigende varighedring varetægtsfængslinger. Så i moderat en del er vi sådan set radikals bekymring omkring den stigende varighed af varetægtsfængslinger. Og vi ser frem til videredrøftelser omkring det. Men på nuværende tidspunkt kan vi ikke støtte beslutningsforslaget.",Tobias Grotkjær Elmstrøm_video_44_start_5-25-58
" – og det er første behandling af beslutningsforslaget B74. Det er forslaget til Folketingsbeslutning om forbud mod byggeri oven på affaldsdepoter og kemiske hotspots og om modernisering af jordforureningsloven. Det er af Marianne Bikrum, SF og Signe Munk.",Erling Bonnesen_video_40_start_2-57-57
" Jeg har sagt offentligt mange gange, at da jeg var helt ung, havde jeg en idolplakat af fru Pia Kærskov hængende på mit værelse. Danmarks hjemmehjælp stod der, fordi jeg har nemlig også altid kæmpet for hjemmeplejere. Det har fru Pia Kærskov også gjort. Så tak for det. Når det så er sagt, så synes jeg, at der var sådan en lidt kedelig ordveksling tidligere i dag for anledning af, at fru Pia Kærskov stillede mig et spørgsmål, mens jeg var på ordførerstolen. Nu tager jeg det op igen, fordi jeg ikke synes, at fru Pia Kærsgaard stillede det rigtige spørgsmål til mig. Jeg synes, at Pia Kærsgaard skulle have stillet det spørgsmål til mig, om hvad det er, at Danmarksdemokraterne så ville stemme til det her beslutningsforslag, hvis det kom til afstemning. Og så havde jeg sagt, så stemmer vi for. Men det undlod fru Pia Kærskov at stille det spørgsmål, det synes jeg bare er hammerende ærgerligt. Og derfor vil jeg gerne lige sige det, at vi stemmer altså for, at Danmarksdemokraterne, det mandat har jeg fået af Folketingsgruppen tidligere i dag. Ordføreren? Det må jeg altså sige, det synes jeg i den grad burde have været",Marlene Harpsøe_video_44_start_7-30-37
 Det er l i talen. Ordføreren. Jamen intentionen i talen,Mai Mercado_video_44_start_7-13-12
" Det vil jeg hendevise til igen. Jeg har tillid til, at lovgivningen, også dem, der skal lave de faglige vurderinger, tager højde for ny viden. Så den viden, der er til rådighed, går til at vejbringe det beslutningsgrundlag, der skal etableres for at træffe en beslutning om, om der skal laves den her PE-plan, byggeri eller aktiviteter på den pågældende patrikel, som der ønskes at laves aktiviteter på. Skal det modsatte vise sig, så har ministeren også tilkendt det. Så kigger vi selvfølgelig på det. Men i forløbet har jeg som udgangspunkt tilit til de faglige folk, der er sat til det. Tak. Og spørgerne?",Erling Bonnesen_video_40_start_3-30-04
" Først og fremmest er det, at Danmark har forpligtighed til at leve op til de her internationale forpligtigheder. Jeg synes også, det skal ses i en større sammenhæng, hvor vi som lille land nu kan være med til at påvirke beslutninger. Og så har konventioner gennem tiderne også givet befolkningen nogle folkerettelige rettigheder. Det skal man også huske på i forhold til forskellige konventioner. Men jeg vil også godt sige, at jeg har stillet spørgsmål til ministeren omkring, hvilke konsekvenser det vil få, hvis Danmark trådte ud af konventionen. Og det afventer jeg så at få svar på på et eller andet tidspunkt fra ministeren. Tak. Hvad skulle du spørge om?",Brigitte Klintskov Jerkel_video_41_start_4-02-44
" Tak for ordet. Med beslutningsforslaget i dag ønsker forslagstillerne, at Danmark træder ud af Statsborgerretskonventionen, som stammer fra 1997. Da konventionsbestemmelser ifølge forslagstillerne ikke muliggør, at kriminelle mennesker herunder voldtægtsforbryder og seriekriminelle kan fretage statsborgerskab som konsekvens af deres alvorlige kriminalitet. Jeg vil gerne starte med at understrege, at vi deler forslagets intention. For vi synes grundlæggende også, at det er et problem for Danmark, at man ikke kan fretage kriminelle udlænde deres statsborgerskab for alvorlig kriminalitet. For kriminelle udlænding har selvfølgelig ikke fortjent at få det danske statsborgerskab, når man begår alvorlig kriminalitet efterfølgende. Det har vi desværre set alt for mange eksempler af. Derfor anerkender Danmarksdemokraterne også til fulde, at statsborgerretskonventionen er et problem for Danmark. For det er desværre endnu et eksempel på, at konventionerne er skrevet i en tid, som ikke repræsenterer den tid, vi lever i i dag. Med andre ord er den ikke længere tidssvarende, når konventionen beskytter kriminelle udlænding. Det skal vi selvfølgelig have gjort noget ved. Derfor mener vi også i Danmarksdemokraterne, at vi skal tage et opgør med konventionerne. Vi har brug for at få afdækket, hvordan man kan udfordre og ændre konventionen, så vi kan presse rammerne for konventionen til det yderste, så det i højere grad kan blive nemmere at kunne fratage statsborgerskabet for kriminelle udlændinge. Men vi anerkender også, at det er vigtigt for et lille land som Danmark, at der sættes nogle fælles rammer og etableres en fælles spilbane, man skal overholde og spille på. Det betyder ikke, at man ikke i fællesskab kan prøve at ændre på den her spilbane og reglerne. Og derfor er det Danmarksdemokraternes opfattelse, at Danmark skal søge opbakning blandt ligesindede lande, – – som også mener, at konventioner må udfordres og laves om. Vi vil derfor under udvalgsbehandling spørge ind til, hvad status er med regeringens arbejde om at udpege en ambassadør, – – der skal sikre, at Danmark engagerer sig i arbejdet med konventionerne – – herunder hvordan de fortolkes og anvendes, så de i langt højere grad kan udfordres. Samtidig skal det klarlægges, hvilke andre lande, der har udtrykt kritik over for statsborgerretkonventionen – – så vi i fællesskab med andre lande kan undersøge, hvordan vi gør konventionen mere tidssvarende. Og helt ærligt, man har skrevet det her i regeringsgrundlaget, og siden har vi ikke hørt noget. Så nu må regeringen komme på banen og præsentere nogle løsninger, for det er nødvendigt, at vi får undersøgt, hvordan vi kan udfordre de her konventioner. Tak for ordet.",Kristian Bøgsted_video_41_start_3-36-23
" Der er i flere kort voreslag, hvor der står, at Folketinget pålægger regeringen i indeværende Folketingsråd udarbejde initiativer, som sikrer, at politiet altid, når et sådan er til rådighed, oplyser et præcist signalemang ved udgivelse af døgnrapporter eller omtale af specifikke hendelser. Det er jo ikke mig, der står og finder på, at det her kommer til at skade efterforskningen. Det er jo lige præcis de store og vigtige aktører, som eks. Dommerforeningen og også politiet, som vurderer, at det her forslag kommer til at gøre mere skade end gavn.",Mai Mercado_video_44_start_3-35-25
" Jeg reflekterer lidt over det, som overføreren var inde på, og som sagde en par gange i sin overførertal med, at det var jo vigtigt, at man satte kommunerne fri. Og der kunne jeg godt tænke mig at spørge enhedslæsningsoverføreren lidt i forhold til det her med, at når man vurderer, at man kan sætte kommuner fri, så ville det jo i nogle tilfælde betyde, at det ville være til ugunst for private borgere og lokale virksomheder. Fordi når man giver en frihed til nogen, så tager man som regel en rettighed fra andre. Og der var ordførende selv inde på det her med hensyn til planloven. Altså der er høringsret i mange sager, hvis man er naboer og pårørende høringsperioder, der er klageinstanser og der er spørgsmål om opsættende virkning eller ej. Og der vil jeg bare gerne sådan for god orden skyldes på 1-1-listens vurdering af det med, at når man slipper nogen fri, hvad så med dem, der bliver bundet?",Hans Kristian Skibby_video_40_start_2-34-32
" Tak for det, formand. på et socialt medie her for nylig, at der blev diskuteret kunstig intelligens på Christiansborg, og en bekendt af mig havde skrevet i en kommentarfelt, at det var dog dejligt med kunstig intelligens på Christiansborg, for så var der dog nogen intelligens på Christiansborg. Og spøjt til side, jeg synes det er helt åbenlyst, at vi selvfølgelig har brug for at diskutere det her. Jeg bliver en lille smule træt af, når vi har de her diskussioner, at der altid bliver henvist til et eller andet EU-spor. For når man tænker på, hvor vigtig den her dagsorden er, så er det en dum idé at overlade det til EU. Så det er i hvert fald noget, vi har brug for at diskutere rigtig meget selv. Det kan også være, at vi har brug for at diskutere det i EU-regi, men det giver enormt god mening, at vi også diskuterer det her. Det giver også mening, at Danmark, som et af de mest digitaliserede lande i Europa, selvfølgelig har en stærk stemme på det her, blandt andre lande. Og vi har en minister, som er aktiv overfor andre lande med det arbejde, der foregår i Bruxelles. Så langt hen ad vejen er jeg enormt positiv over for SF's forslag. Jeg ved ikke, om det rigtige er at lande en beretning på det eller om det er at sende det til afstemning. Det må ordføreren jo om. Men vi er faktisk meget positive over for nogle af de her takter, der ligger i det. Fordi at opfindelsen af kunstig intelligens måske er en af de største opdagelser i menneskehedens nyere historie. Noget af det, der vil ændre vores samfund allermest i de kommende år i særdeleshed. Der synes vi i Dansk Folkeparti, at det er meget vigtigt, at der er en stærk politisk lovbaseret regulering. At det ikke er firmaer, der er på den anden side af jordkloden, der får lov til at sætte dagsorden for, hvad man kan og ikke kan med kunstig intelligens? Men er det noget, hvor vi har noget gennemsigtighed, men også hvor det er demokratiets spilleregler, der er afgørende for, hvordan den her teknologi vil udfolde sig? Det er det ene aspekt i det. Det andet aspekt er jo også, at den vestlige civilisation jo er i en enorm konkurrence med andre civilisationer, der måske tager nogle helt andre hensyn, end vi vil gøre. For eksempel det, der foregår i Kina i de her år, som også buller derudad, buller fremad, men som har nogle helt andre værdier, man lægger ned over den her nye teknologi. Så min konklusion er, at der er mange gode ting i det her forslag, og det vil vi meget gerne arbejde videre med, og store dele af det kan vi for så vidt også støtte. Tak for ordet.",Peter Kofod_video_41_start_2-12-10
" Det er godt opklaret, at det alene er den sidste del af beslutningsforslaget, som Liberale Alliance ikke er enige i. Den er faktisk inspireret af den amerikanske tilgang, hvor man pålægger virksomhederne i en form for selvjustits. Altså når man opdager diskrimination og bias i sine produkter, så er man også forpligtet til at rette det. En tilgang, som virksomhederne i USA selv havde ønsket sig, fordi det selvfølgelig er meget mindre indgribende end fx vores AI-forordning, der har en anden regulatorisk tilgang.",Lisbeth Bech-Nielsen_video_41_start_1-56-28
" Tak til Mikkel Bjørn for anerkendelsen af min tale, så er vi nok ikke enige om fremgangsmetoden for en liberal alliance. Der ønsker vi ikke at udtræde af de internationale konventioner, som vi har tiltrådt. Men vi vil til gengæld gerne se på, om vi på nogen måde kan udfordre dem, eventuelt ændre dem. Og det hører jeg egentlig også andre partier her i Folketingets salen også er interesserede i. Ja tak. Vær så god at spørge.",Sandra Elisabeth Skalvig_video_41_start_3-51-11
" Tak for ordet og tak som forslagstillere også selv bemærker, er der jo EU-regulering på trapperne. Det er der flere ordførere været inde på, og ministeren var det også selv. Reguleringen er netop adresseret, hvor der skal trædes på bremsen, og som ikke giver meget danske virksomheds konkurrence. I det perspektiv skal vi jo også have med, for det er jo det sidste, vi har brug for lige nu og her. Og samtidig mener jeg, at hvis vi skal gå ind i sådan et forslag, så skal der fokus på speederen også. Det er ikke nok at have foden på bremsen. Hvad er det, der skal til for, at vi kommer hurtigere og bedre op og flyve, når det gælder kunstig intelligens? For det er et lille sprogeområde dansk. Her kunne vi f.eks. overveje at slippe nogle flere data-ikkefølelser med data løs som træningsdata. For f.eks. at få chatbots af høj kvalitet og troværdighed, skal der bruges træningsdata af høj kvalitet og troværdighed. Danmarks Radio har masser af egenproduceret kvalitetindhold, som jo allerede er betalt af skattekroner. Men DR har man en væsentlig mere liberal tilgang. Det kan være, at det er for voldsomt, men der er i hvert fald mulighed for at øve sig. Det er det, vi har behov for, og det er også det, det danske erhvervsliv har behov for, hvis de skal løse nogle af vores store udfordringer med klima og sundhed. Vi kunne jo blandt andet også bare lade os inspirere af tilgangen hos Statens Museum for Kunst, som digitaliserer værker og stiller dem til rådighed for hele internettet og lader andre bruge løs og udstille på deres egen platform. Det gør man med skarpt øje for formålet om at fremme kulturarven, så enhver kan bruge værkerne i alt fra skoleopgaver til en ny digital platform. Udbredelse og anmeldelse er vigtigere, end at den enkelte bruger besøger – – Statens Museum for Kunst egen hjemmeside eller fysiske udstillinger. Den tilgang kan jeg godt lide. Og det er klart, at udviklingen af kunstens agens bliver et væsentligt konkurrenceparameter – – i de kommende årtier. Ergo er brug for, efter vores mening, en lidt mere liberal tilgang, – – så vi får de konkurrencedygtige virksomheder op at flyve. En mere liberal tilgang i reguleringen af AI end der lægges op til i B42.",Mona Juul_video_41_start_1-57-47
" Det er det, vi alle sammen kan. Vi har haft nogle relationer til, hvordan folk har haft det i forhold til sygehusvæsenet og plejehjemsektoren. Hvis vi er heldige at blive gamle nok, så bliver vi selv omfattet af det. Vi har alle sammen en forældre, en moster, en fæster, en onkel. Sådan må det være.for synes jeg, at det er et godt spor, at man også siger, at jeg kender det godt. Det tror jeg er ret, ret vigtigt, at vi også har med i den her debat, fordi det er virkelig alvorligt, det her.",Pia Kjærsgaard_video_44_start_6-45-11
" Det er det, jeg nævnte, hvor der er behov for det modsatte, det er beskyttelse af drikkevandet. Jamen der er regeringen også i drøftet med Folketingets partier, men er jo ikke med at komme med et lovkrav, som vi skal forhandle her i Folketingssalen herom, i hvert fald i den her Folketingssamling, som jo modsat ikke giver frihed, men giver faktisk flere krav for at beskytte vores drikkevand.",Magnus Heunicke_video_40_start_1-31-38
" Der var nogle gode intentioner i ministerens taler. Jeg vil gerne hjælpe Miljøministeren til at være en rigtig Miljøminister, ikke en københavns version af smadremanden, hvor at mest muligt genbrugt byggemateriale bliver til vejfyld, som er situationen nu. Vi skal frem til, at der bliver udviklet på det her. Når ministeren siger, at det er et plus, så kommer vi frem til, at der er noget autorisation på at lave det her nedbrydningsarbejdet. Der er jo meget stor forskel på, om man skal nedbryde en femetages bygning inde i byen med naboer lige ved siden af, eller om man valgte, at man også kunne genbruge byggematerialer fra et baselhus, hvor der er langt til naboen og hvor man kan bruge noget mere simpelt materiel. Jeg synes egentlig, at det er nogle af de nemme løsninger, man fravælger ved at sætte den her græns på 250 kvm. For hvis man skulle starte med det der var nemmest, så var det at tage de bygninger, som var lavest. Og derfor synes jeg, at det er rigtig ærgerligt, at man er inde på det her 250 kvm. Så jeg håber da, at ministeren vil være med til at kigge på, om det er en rigtig grænse, og at det ikke bare er noget med, at nu har vi en bekendtgørelse, og ministeren engang, hvem der nu er minister engang, kan komme med nye regler. Hvorfor ikke fastlægge nu, at der skal laves regler for 52 kvm bygninger?",Søren Egge Rasmussen_video_40_start_1-09-48
" Det er en af de to ting, jeg vil sige i forhold til det her med at styrke sprogstøttens sprogscreening. Der har også været tidligere aftaler tilbage i tid omkring styrkelse af, hvordan vi indretter danskundervisningstilbud. 3 parten for 23 blev der afsat, den pulje til særlig indsats for fastholdelse af elever. Jeg synes, at forskellen på de initiativer og standarder, det er, at det skaber nogle rammer, nogle muligheder, som kommuner kan vælge Næste kort bemærkning til fru Kirsten Norman Andersen, SF.",Mette Kierkgaard_video_44_start_6-21-56
" Jeg er enig, at vi har en udfordring i forhold til både fertilitetsudfordringer, som ministeren nævner med hver fjerde, men også med en befolkningsvækst, der går den forkerte vej. Men tid er afgørende for et vellykket fertilitetsforløb. Som vi lige var inde på, er der ventetider. Den her ufrivillige barnløshed og fertilitetsbehandlinger kan nemlig være ekstremt opslidende, som ministeren også var inde på. Og der er grænser for, hvor længe kvinden og parforholdet kan holde til den slags. Det er enormt indgribende at skulle stikke sig konstant, at skulle ændre på cyklusen, at skulle opleve at have scanninger på klinikken aflyst, eller som ændrer sig med kort varsel. For det er noget, der griber ind i hele familien og parforholdet på en ret vild måde. Den her alder hos kvinden er også en faktor for at have en god chance for succes. Og uret tækker jo. Og det gør det også, når man begynder i et forløb på en fertilitetsklinik. Og den her ventetid kan være gift for sådan et forløb. Venstre ogle Alliance har jo tidligere været enige om flere dele af den her debat. Vi i Liberale Alliance har i vores seneste sundhedsudspil foreslået at udvide udrindnings- og behandlingsgarantien netop på det her område til at ombefatte fertilitetsbehandlingen. Det er ifølge Venstres hjemmeside også Venstres politik, og ministeren var lidt inde på det, men er det stadig sådan, vil Venstre gerne udvide både retten til udredning og behandlingsgaranti til også omfatte facilitetsområdet.",Louise Brown_video_41_start_0-35-35
" Vi har hørt lidt om regeringsinitiativer, men ikke tilstrækkeligt. Jeg har svært ved at forstå, at man modsiger sig en national standard på det her område, hvor man samtidig agter at fremlægge om tid en ældrelov, som jo er national standard. Hvorfor ikke det her, som er det vigtigste i forhold til æigtigste, synes jeg, i forhold til ældre mennesker, at dem, man sender rundt til de ældre, om det er i private hjem eller på plejehjem, eller for den tags skyld også på hospitaler, at der er sproget dansk. Så vigtigt, at det er kommunikationen. Det er faktisk det allervigtigste. Så derfor synes jeg, at der bør være en national standard. Hvorfor ikke lige præcis på det her område, men sandsynligvis, hvad regeringen kommer frem med på andre områder?",Pia Kjærsgaard_video_44_start_6-31-24
" at hvis vi sætter lovrammer ned over folk, så agerer de jo forhåbentlig inden for loven, de fleste af dem, og så bliver der jo et marked. Men der er jo faktisk også i loven, hvor de fortæller, at der er nogle, jeg tror det er fri, det hedder de ikke det, som jeg er meget bekymret for, men der kommer meget mere på deponi. Og virkeligen er, at hvis ikke der er nogen, der vil bygge med de gamle materialer, så får vi jo det bare på deponiet. Så bliver det selvfølgelig sorteret i fraktioner først, men så kommer det på deponi alligevel. Og det er jo ikke det, vi ønsker. Vi ønsker jo, at det her bliver genbrugt, enten til noget visuelt smukt eller til noget praktisk. Og grus igen, alt det, vi kan bruge til grus, det kommer Tak for det.",Kim Edberg Andersen_video_40_start_1-02-07
" Det er meget påpasning med at mistænke enten Anklagmyndighedens påstand om varetægtfængslingen og tilsvarende dommernes afgørelse af det som værende et hensyn til kapaciteten i Kriminalforsorgen. At der så er kapacitetsudfordringer i Kriminalforsorgen er jo helt åbenlyst. Og i forhold til den første del, der er jeg fuldstændig enig med at have Peter Kofod. Jeg tror der kan være mindstst lige så mange eksempler på, hvor man enten burde have haft varetægtsfængslet, eller i hvert fald burde have gjort noget andet. Jeg synes jo, den skrækkelige, skrækkelige sag med politibetjenten Magnus Buhl, der blev slået ihjel på Langebro, hvor det er, at gerningsmanden, eller i hvert fald den mistænkte efterfølgende, ikke bliver varetætsfængslet og derefter udrejser af landet og nu efter vores bedste viden opholder sig i Dubai er i hvert fald et skrækkeligt eksempel på, hvor man ikke varetægtsfængslede. Spørgeren for MKB bemærkningssystemet, skal tages ind.",Peter Hummelgaard_video_44_start_5-05-10
" Tak for spørgsmålet. herunder jordbundsforhold og alt muligt andet. Og så er det jo også sådan, at hvis man ender med at give en byggetilladelse, så kan man jo også give nogle krav til folk til sandpluder og jordmembran og alt muligt andet, som kan sikre, at man tager hensyn til de ting, som der nu kan tages hensyn til i en given ansigning. Så sidder vi i tanker.",Hans Kristian Skibby_video_40_start_3-41-16
" Jeg vil bare fremme, at jeg synes, at jeg er tak for en god ordført tale. Det var jo nærmest et ægokammer af min egen tale, og det understreger jo den bredde, der er herinde i Folketinget til at gå seriøst til værks i forhold til konventionerne. Det er jeg faktisk rigtig glad for. Vi er jo lidt tilbage i historiebøgerne i den her debat, må vi jo nok erkende. Og jeg anerkender, at Danmarksdemokraterne er et nyt parti, og kan således heller ikke have ansvaret for fortiden. Men jeg har været lidt tilbage i analerne. Og hvad jeg kan synes, man er frem til, så mens der var et borgerligt flertal tilbage i nullerne, der har man jo også stemt for at give rigtig mange mennesker statsborgerskab. Jeg har selv kunne sætte mig frem til, at 14 gange har Dansk Folkeparti med fru Pia Kærsgaard stemt for, og der er faktisk i de 14 lovforslag, man har stemt for, omkring 35.000 mennesker, der har fået dansk statsborgerskab med stemmer fra Dansk Folkeparti. Jeg vil bare høre ordføreren om det er i følge ordførendes optik mange eller få?",Anders Kronborg_video_41_start_3-38-46
" Det er nemlig rigtig, rigtig vigtigt i hverdagen for den ældre borger. Fordi man skal jo prøve at sætte sig i deres situation. Man er måske blevet svækket med alderdommen. Man har fået nogle skavanker. Man kan ikke foretage sig de samme ting, som man kunne før. Så man har ikke brug for flere udfordringer, blandet ikke i forhold til, om man rent faktisk kan forstå det plejepersonale, der kommer og skal give en den hjælp i den sårbare situation, som det er, man står i.",Marlene Harpsøe_video_44_start_6-48-03
" Hvis man opfylder kravne til dansk statsborgerskab, så skal man have dansk statsborgerskab. Og det skal ikke være nogen hemmelighed, at vi i Inglis Listen synes, at kravne er for stramme i dag. Jeg synes ikke, og vi synes ikke i Inglis Listen, at man skal straffes ved ikke at kunne få dansk statsborgerskab for noget kriminalitet, man har begået for 10 år siden. Det er heldigvis sådan i det her land, at man ikke er straffet for evigt. Det er sådan vores strafssystem fungerer. Det er det strafssystem, vi tror på i det her land, fordi vi ikke tror på, at man skal være kriminel eller dømt for evigt. Det er blandt andet også derfor, at vi ikke går ind for livstidsstraf, som andre partier her i Folketinget gør. Værsgo, spørger.",Rosa Lund_video_41_start_4-16-02
" Det kan jeg helt ensynligt bekræfte. Kigger du på historikken over tildelte statsborgerskaber, så er alle de tilfælde, jeg har tusind af i mit arkiv op på min computer efterhånden, af dybt kriminelle mennesker, som vi ikke kan udvise, fordi et uansvarligt folketingsflertal har givet dem statsborgerskab på et eller andet tidspunkt. Stort set dem alle sammen har fået statsborgerskab på Venstre og Socialdemokratiet og alle de andre partier end Dansk Folkeparti stemmer her i Folketingssalen. Så jeg synes det er noget mærkeligt at begynde at sige at Dansk Folkeparti på nogen som helst måde er medansvarlig. Når det tværtimod er os der har sikret de markante stramninger. Som alle partier i dag siger, at vi er rigtig glade for at der er blevet strammet op. Ja, takket være Dansk Folkeparti, det er os der har fået alle de stramninger, som alle partier i dag siger, at vi er rigtig glade for, at der er blevet strammet op. Ja, takket være dansk folketid. Det er os, der har fået alle de stramninger igennem. Så ja, men det er jo dansk politik sådan. Det er tater nogle gange.",Mikkel Bjørn_video_41_start_4-42-20
" Hvis det datagrundlag, vi har nu, ikke er godt nok, og som i virkeligheden er flere domme end man havde fra 2000 og til 2002, hvor der blev langt færre dømt for voldsigt og langt færre sigtet. Hvis det ikke er godt nok, er det ordførende, der står og siger nu, at der er forkerte sigtelser eller forkerte domme. Jeg prøver bare at forstå. Ordføreren siger, at det grundlag, vi har, ikke er godt nok nu. Hvad er det, der præcis er i vejen med det grundlag? Sker der forkerte sigtelser eller forekommer der forkerte domme? Hvad er det, ordføren prøver at sige, når grundlaget ikke er godt nok til at kunne lave en undersøgelse? Jeg synes ikke, at spørgeren lyder bestemt mål.",Karina Lorentzen Dehnhardt_video_44_start_4-00-48
" Tak for ordet. I Moderaterne kommer vi ikke til at stemme for dette beslutningsforslag af flere grunde. I Moderaterne er vi meget enige i, at de ældre beboere på plejehjem eller de, der modtager pleje i eget hjem, skal være trygge ved den pleje, de får. Det er både dem, der udfører arbejdet, der skal være trygge. De skal have de nødvendige kompetencer. Men der skal også være en rigtig god kommunikation. Plejepersonalet imellem medarbejdere og borgere. Vi skal også sikre, at de er k enkelte kommuner og ledelse på plejehjemmene ansvar og opgave at sikre, at de medarbejdere, der er ansatte, er kompetente til deres opgave. Jeg er sikker på, at kommunerne gør alt, hvad de kan for at gøre dette. Og der vil selvfølgelig være en vis forventning til, at medarbejderne kan kommunikere og indgå i dialog med den ældre på samme sprog. Men det betyder ikke, at vi skal lovgive på området centralt herindefra. I Moderaterne tror vi på, at det er vigtigt at værdsætte magtfold ældre personale i de enkelte kommuner, og dermed sikre, at de har de nødvendige ressourcer og støtte til at udføre deres arbejde. Derfor er jeg rigtig glad for, at regeringen har udarbejdet og lige så småt er ved at præsentere den nye ældreform, der grundlæggende vil frisætte ældreområdet. Tak for ordet. Hold da en kort bemærkelse, fru Pia Kærsgaard, Dansk Folkeparti. Jeg må indrømme, at jeg bliver mere og mere",Rosa Eriksen_video_44_start_6-52-13
" Men der er ikke nogen tvivl om, at vi har brug for, og jeg tror, at ordføreren kalder det hegnspæle i forslaget, eller noget lignende i hvert fald, noget med nogle hegn. Og det er jeg sådan set overhovedet ikke uenig i. Men jeg har også, da jeg læste forslaget, tænkt over, hvad er det egentlig, at man forestiller sig, der vil ske, hvis vi ikke vedtager beslutningsforslaget B42. Vi mangler faktisk nogle rammer osv. Der synes jeg også, vi har behov for en drøftelse af, hvor er det, at vi som politikere skal hjælpe med de rammer, og hvor er det, at virksomhederne selv skal beslutte, hvordan man hegner det ind i lige præcis deres virksomhed. Spørg hun.",Mona Juul_video_41_start_2-02-13
" – der er afskaffet nogle år siden, og regeringen har igenneført den. Det, regeringen har gjort, i hørt med opbakning i Folketinget, som ikke skal deponere, – – går jeg ud fra sin holdning, hos nogle organer, nogle steder, – – det er et målrettet indgreb for at afhverve en helt konkret situation, hvor det de facto var sådan, at der fandt daglige, systematiske krænkelser sted, og det kunne stort set isoleres til noget, der skete i Danmark og Sverige. Det er den situation, vi har forholdt os til. Og jeg vil bare sige igen, at jeg har indtødt sted, og heller ikke i Washington, mødt kritik af den måde, – – den danske regering har håndteret den her sag på.",Lars Løkke Rasmussen_video_41_start_0-13-19
" Det er jo ikke det største lovforslag, vi har haft. Jeg kan godt konkludere på Morten Messelsmids tal og sige, at hvis vi nu bare laver loven selv, så er vi fri for at stå her i dag. Så skal vi ikke bare konkludere, at det kan vi godt klare selv. Så vil jeg godt rose mine folketingskolleger i, at juleferien har gjort, at vi har hurtig ekspedit i folketingssalen, og det ser jeg frem imod. Nye borgerlige kommer til at støtte lovforslaget, selvfølgelig gør vi det. Vi ser også frem til, hvis der bliver gravet op, at dansk lovgivning nogle gange er bedre end europæisk. Men det er jo som parti et sted, vi er ret tryg i at stå. Det er nok EU-lovgivningen, der får det mest af noget råd, og det er dansk folketingsindsats, som nogenlunde altid har styr på det. Det ser vi frem mod, at ministeren begynder at implementere noget mere. Vi støtter forslaget og ser frem mod en lige så hurtig behandling af alle de andre lovforslag, vi får igennem året.",Kim Edberg Andersen_video_40_start_0-15-35
" Tak for spørgsmålet. Jeg er enig i, at tallene fra Frontex understreger, at vi står i en migrationskrise. Vi skal tilbage til 2016 for at finde et år, hvor der var flere spontane asylansøger, end der er i år. Det har enormt store konsekvenser. For det første er der tusindvis af mennesker, som dør på vej over. For det andet bliver rigtig mange mennesker, som egentlig har større asylkrav eller med væsentlig asylkrav efterladt i nærområdene. Det er derfor, at vi i regeringen arbejder for et nyt europæisk asylsystem, hvor de irregulære migrationer bliver stoppet, og man i stedet får en ordnet måde at søge asyl i Europa. Jeg er tilfreds med, at der efter tre års svære forhandlinger her kort før jul blev opnået enighed om hovedelementerne i den nye migrations- og asylpakt. Vi får sikkerhed styrket ved de ydre grænser. Der kommer bedre screening, obligatorisk grænsebrugsstyre, bedre registrering af asylansøgere og irregulære migranter. Og vi arbejder også for at bekæmpe irregulær migration og smuldrenetværk gennem styrkekontrol med EU's ydre grænser. Vi bidrager hvert år fra Danmarks side til Frontex med personel- og kapacitetsbidrag i form af blandet fly, helikopter, patrullibåde og køretøjer til de lande, som ligger i grænseområderne. Men det er vores klare overbevisning af regeringen, at der udover de nuværende indsatser er brug for at forebygge og adressere den irregulære migration helt grundlæggende. Og det er derfor, vi ønsker, at der skal laves en aftale med et tredje land uden for EU. Det bruger jeg meget af min tid på at tale om og på at overbevise andre europæiske lande om. Og jeg føler faktisk også, hvis jeg skal være ærlig, at der er en del, som lytter til det og som også er interesseret i at ændre grundlæggende på den måde, som migrationen foregår til Europa. Tak for ordet.",Kaare Dybvad Bek_video_41_start_0-58-18
" Det har også store menneskelige konsekvenser for de berørte. Samtidig kan vi også se, at antallet af fødte børn i Danmark er faldende. Det er i sig selv en samfundsudfordring, som vi gerne vil gøre noget ved. Og det er derfor, at vi gerne vil styrke Fertilitetsindsatsen ved både at tilbyde flere forsøg, men også at give mulighed for at kunne få hjælp til andet barn. Og det er derfor, vi fra regeringssiden har meldt ud, at vi er parate til nu og gerne vil investere i et tresciffer-millionbeløb til bekæmpelse af barnløshed. Jeg er dog også enige med spørgeren i, at vi aktuelt og i dag har udfordringer med ventetider til fertilitetsbehandling. Og derfor vil vi jo også bruge de penge, vi vil investere i fertilitetsbehandling til jo, at de skal gå til blandt andet jo at opbygge kapaciteten på de offentlige fertilitetsklinikker, så vi kan nedbringe ventetiden. Der vil også være en implementeringsperiode, men vi vil også samtidig have fokus på, hvordan vi kan bruge kapaciteten på private fertilitetsklinikker og få dem inddraget til at kunne give hjælp. Det er noget af det, vi nu vil gå i dialog med blandt andet Danske Fuldhøjelse Brown?",Sophie Løhde_video_41_start_0-33-52
" Det er faktisk en lidt unik situation i Danmark, for vi har fået en midterregering bestående af tre forskellige partier. Det er ikke min opfattelse, at de enkelte partier, der lige nu er i regeringen, egentlig har ændret deres politik, når det kommer til udlændingeområdet. Men til gengæld er gået på kompromis i forhold til de politiske afgørelser og i forhold til de udspil, som kommer fra regeringen af.",Sandra Elisabeth Skalvig_video_41_start_3-54-25
" Mange tak for det. Han arbejdede en del år hos Ostroblond Nedbrydning. Der hævede de et hav af bygninger ned. Min far har alligevel været lidt forud for sin tid, selvom jeg ikke tror, han ville kalde sig selv den store klimaforkæmper. Det er han lidt for østjysk træmand til. Men når jeg tænker på de gange, min far kom slæbende hjem med brugbare materialer, som blev kasseret. Han kom særlig hjem med en kartoffelskralder, som havde stået på et gammel flyhjem. Den var meget praktisk, når man havde syv børn derhjemme, at have sådan en automatisk kartoffelskraldemaskine. Men mængden ressourcer, der er blevet kasseret igennem, og tiger, når vi har brudt ned, er tankevækkende. Og det er bekymrende, når vi ved, hvor meget af vores CO2-forbrug, der er læret i bygninger. Når vi ved, hvor hårdt belastet det er, hver gang vi bygger ny og bruger nye ressourcer. Vi ved, at vores CO2-aftryk per dansker er alt for høj. Derfor giver det rigtig god mening, at der nu kommer det her lovforslag. Det er jo en udmyndning af en klima-aftale om en grøn affaldssektor og cirkulær økonomi tilbage fra 2020, som det konservative folkeparti også var en del af, da aftalen blev indgået. Så var der et element, hvor vi ikke kunne nå hinanden hen ad vejen omkring det her med liberalisering af affaldssektoren, hvor vi konservative endte med at træde ud af aftalen. Men det ændrer ikke på, at vi føler både en lojalitet og forpligtelse over for at få genanvendt så mange af de materialhov, der er. Der har været en diskussion i sagen i dag omkring kvadratmetergrænsen. Burde det være højere eller lavere? Hvordan burde det ligge? Når jeg tror, det er fornuftigt nok, at man starter ud, som der ligger op til i lovforslaget her, så er det også med hensynstagen til, at der også skal være de dygtige medarbejdere, som skal være med til at påse den proces, der er, hvor man sikrer, at det her foregår på den rigtige måde. Så det er også et spørgsmål om, rent lavpraktisk, har uddannet de medarbejdere. Men vi konservative bakker op om det her forslag, som vi synes er et godt skridt i den rigtige retning i forhold til, at vi bliver mere systematisk, og det er ikke bare af min far i Oslo Blom nedbrydning, der kommer hjem med vinduer, der lige kunne bruges i et kvistvindue her og der. Tak for det.",Mette Abildgaard_video_40_start_0-37-53
" at høre, at fru Marlene Harpsø er enige i, at sprog er vigtige. Det tænker jeg også med den erfaring, som både fru Pia Kæreskov og Marlene Harpsø har tilbage, eller uden for Christiansborg, at det ved I jo om nogen, at det er utrolig vigtigt, hvad den sproglige betydning har. Jeg vil nu fastholde, at den bevægelse, som jeg mener, der er grundbevægelsen, også i det nye ældresudspil, som kommer her i sin fuld længde om et par uger, det er det her med lokal frihed, men også lokalt ansvar. Og så skal vi fra Christiansborg, min og er rollen er, at vi har nogle overordnede kvalitetsmål for, hvad er det egentlig, vi forbinder med god ældrepleje. Og det er det, vi skal sikre kompetente faglige medarbejdere. Det bliver endnu mere vigtigt fremover. Også med sproglige kompetencer, ledelse og nogle tilsyn, som har fokus på kvalitet, faglig udvikling og læring frem for at være en hammer i hovedet på de plejehjemseenheder og plejehjem, eller hjemplejeenheder, som er i det ganske land. Spørgsmål? Tak for svaret.",Mette Kierkgaard_video_44_start_6-20-11
" Det er svært lovgivningsmæssigt at følge med. Forordningen om kunstig intelligens blev fremsat i 2022, hvor ingen chat-GPT havde fået sit folkelige gennembrud. Derfor kommer lovgivningen på bagkant af udviklingen. Det er naturligt. Men jeg fastholder, at vi på ingen måde sidder på hænderne og er opmærksomme på at yde vejledning og rådgivning i brugen af kunstig intelligens. Og det er også derfor, at Datatilsynet har udgivet vejledning til offentlige myndigheders udvikling og brug af kunstig intelligens. Og Digitaliseringsstyrelsen har altså også udgivet et guide til både offentlige myndigheder og til virksomheder omkring brugen af kunstig intelligens. Så der sker jo meget på området i forhold til at vejlede og rådgive både offentlige myndigheder og virksomheder omkring brugen af kunstig intelligens. Så der sker jo meget på området i forhold til at vejlede og rådgive både offentlige myndigheder og virksomheder. Men for mig er det vigtigt, at den vejledning og rådgivning også bliver ved med at flugte med det, der kommer med kunstig intelligensforordningen. Vi kan ikke gå videre end den.",Marie Bjerre_video_41_start_1-22-45
" Det var et, som jeg længere tænkte, at vi skulle stille i DF. Det var en glædelig overraskelse, at det allerede var stillet, så vi fik debatten ud før. Det er ekstremt vigtigt, at vi får opdateret de her tal. Der ligger ingen argumentation for, hvorfor vi ikke skulle gøre det. Der er masser af domme og anmeldelser. Der er masser af lovgivning, som man salen inden for ganske kort tid igen, når vi i Dansk Folkeparti stiller et forslag, også om at få kuglegravet hele lovgivningen. Så bare tak for at samle oppositionen om det her vigtige forslag.",Mette Thiesen_video_44_start_4-43-26
" Der er sket en lempelse, men der er jo ikke sket en lempelse, hvis en kommune ønsker, at bestemte nye bydele skal bruge bæredygtige byggematerialer og skal have et ekstra lavt ressourceforbrug i et byggeri. Så kan vi ikke via det, der står i planloven, sikre, at det er en kommune. Hvis man går virkelig hårdt til den, så kan man måske sikre, at der er gule tegel på alle husene. Og så kan man fastlægge en energiklasse og definere, hvor energiforsyningen er fra. Men man kan ikke gå videre. Hvorfor ikke tillade det? Der er en lang række kommuner i Danmark, som har ønsket at give plads til, at der opstår mere bæredygtig byggeri. Men det kan bare ikke sikres gennem en lokalplan, fordi planloven er, som den er. Så der er faktisk brug for en ændring. Så det der med at ændre hensyn til herregårdslandskab, det sikrer sig ikke. Det bæredygtig byggeri i byerne.",Søren Egge Rasmussen_video_40_start_2-32-23
" Det er udmærket bekendt med, at SF laver en indsats. Det gør de fleste miljøminister og regeringspartier uanset farver for at prøve at håndtere nogle af de her problemer. Der er jo ikke nogen, der er uenige i, at nogle forureningsting skal man forsøge at gøre noget ved. Jeg henviste også med et passende og venligt vink om, at selvom SF også er væk i regeringen, så var der jo ikke blevet bagryget totalt op. Vi deler jo alle sammen ambitionen om, at når man deltager i finanslovsforhandlinger, uanset om man er regeringsparti eller oppositionsparti, at vi så får mest mulig hastighed på de her ting.",Erling Bonnesen_video_40_start_3-31-26
" Der er forskellige kriterier for, hvordan man kan varetægtsfængsele folk. Hvorfor man gør det, der er ofte en rigtig god begrundelse for at gøre det. Bare fordi vi gør det i højere grad end i lande, man i andre sammenhæng normalt ville sammenligne os med, så er det ikke et udtryk for, at vi nødvendigvis er på gals bord i Danmark. Det kan være, at vi bruger det bedre end vores nabolande eller dem, vi normalt ville sammenligne os med. Så det er ikke i sig selv en indikator, at man i Sverige eller i Norge for øvrigt gør noget på en anden måde, end vi ville gøre det i Danmark. Der ligger en bredere diskussion her, der handler om ressourcediskussionen, som flere ordfører før mig har været inde på. Fordi det er jo rigtigt, at med det pres, der er på hele kæden, ja, så kan man ikke tage de hensyn, som man måske ville gøre til børn. Hvis der havde været flere fængselsbetjente, hvis der havde været faciliteter til det, så kunne det være, at man havde valgt i nogle sager en anden kurs. Så kunne det være, at nogle børn havde fået mulighed for at hyppige og se deres forældre. Det er jo ikke børnens skyld, at forældre begår kriminalitet eller er varetægtfængslet, fordi man potentielt kan have begået noget, der er så alvorligt, at en varetægtfængsling er nødvendig. Når det er så sagt, så er det jo fuldstændig rigtigt. Det, som jeg tror, justitsministeren, men også den socialdemokratiske overfører, rej har problemer med, at hvis det, at man har kontakt med omverdenen, giver anledning til anden form for kriminalitet eller mere kriminalitet, f.eks. som det var set med armarabanden, så dur det jo heller ikke. Så alt i alt, så kan vi afvise det her beslutningsforslag. Tak. Tak til ordføreren. Der er ikke nogen kort bemærkninger, så vi går videre til ordføreren for forslagstillerne, Signe Stampe.",Peter Kofod_video_44_start_5-53-47
" Der er intydel om, at jordforureningsloven er af ganske væsentlig betydning. Og at det i takt med, at der kommer nye kemikalier og andet på markedet, og gamle bliver fundet, når man graver ud, kan være et behov for at revidere, ligesom alt andet, miljølovgivning. Sådan er vi sikre, at Danmark er både et smukt, rent og et godt land at leve, bygge og bo i. Derfor vil jeg sige, at det forslag, der ligger nu, på mange måder har en fin intention. Men i modsætning til det forrige forslag, som nærmest brændte alle rammer for ukonkrethed, så vil jeg sige, at et så komplekst område som jordforureningsloven – – kræver nok en lidt større forberedelse, inden man i gang sætter en revision. En høringsproces, hvor alle relevante parter bliver inddraget. En proces, hvor man får udbroet de eventuelle mangler, der er i den gældende lovgivning, som jo øvrigt kan være dæktet af flere love, og derfor så også kan kræve en mere bred tilgang til tingene. Om vi derfor ender med at stemme grønt eller gult til det her forslag, det har vi ikke gjort endelig op med os selv endnu, fordi vi er sådan set enige i, at jordforureningslån skal afspejle det samfund og de udfordringer, som vi lever i. Men i et udslag af en pludselig ydmyghed vil jeg også sige, at jeg ikke er klar til at sige, hvad det er for nogle udfordringer. Så hvis det havde handlet om at alene have i gangsæt en analyse og få belyst, hvad det er for nogle eventuelle problemer, der måtte være, så havde vi været ret overbevidste om, at vi havde været over i den grønne knap og kunne stemme ja. Men fordi forslaget her i modsætning til det tidligere er skrevet i et relativt koncist tonefald – – som Polleker-regeringen – – så føler jeg mig ikke helt klar til at træffe det skridt. Det kan være, at vi i fællesskab notter hen – – men af respekt for kompleksiteten både i juridisk forstand – – men også i faglig-saglig forstand i forhold til, hvad der er, der rør sig derude, der er vi ikke helt klar til at tage det skridt endnu. Men det skal ikke forstås sådan, at vi på nogen måde nedgør forslaget eller forslagsstillernes intentioner. Tværtimod, det er et uhyrevigtigt område, og derfor udelukker vi overhovedet ikke, at en revision kan være det betimelige at gøre. Vi vil bare gerne vide lidt mere om det, inden vi sætter processen i gang.",Morten Messerschmidt_video_40_start_3-54-59
" Beslutningsforslaget vi behandler her omhandler gennemførelsen af lovgivningen, der pålægger politi og domstol, lader udarbejde præcise sine allemanger, hvis muligt, f.eks. i døgnrapporter eller udtalser i medierne. Sådanne oplysninger skal også journaliseres og gælde for anholdte, mistænkte, sigtede, tiltalte og i sidste ende dømte personer. Først og fremmest vil jeg takke Dansk Folkeparti for at sæbejde præcise og detaljerede signalemanger, hvis de finder det relevant for det politimæssige arbejde. I Liberale Alliance er vi altså tillid til, at dansk politi gør det i dag. Dette bakkes også op af blandt andet Rejseholdets tidligere chef, Bengt Isager Nielsen, som har kommenteret emnet, han udtalte bl.a. i 2020, at han oplevede, at den danske tilgang prioriterede at fremhæve så mange oplysninger som muligt, og at udseende og signalemanger anvendes vores naboland Sverige. Her er der flere eksempler på, at den politiske korrekthed overstiger den objektive sandhed, hvilket skaber et misvisende billede i medierne og en afvielse i virkelighedsopfattelsen. Dette svækker tilliden til vigtige institutioner som politi og domstole. Heldigvis er Danmark ikke i samme situation som Sverige på dette område. Til gengæld bruger vores politifolk i dag omkring en tredjedel af deres tid på ledelse og administrative opgaver, hvilket vi ikke ser behov for at øge yderligere gennem lovgivning med obligatoriske præcise signalemanger og journaliseringer. Forslaget her er altså unødvendig detaljestyring af offentlige myndigheder, det øger byråkratiet og det virker ikke i ældreplejen, så hvorfor skulle det virke hos politiet? På baggrund af dette finder vi ikke grundlag for at støtte beslutningsforslaget, som det foreligger nu. Vi opfordrer dermed politiet til at fortsætte at udarbejde præcise signalemanger, når de finder det relevant, uden at lade sig begrænse af misforstået politisk korrektiv. Tak. Der er en kort bemærkelse til, at hr. Mikkel Bjørn, Dansk Folkeparti,",Steffen Larsen_video_44_start_3-24-01
" Tak for ordet, formand. Hvis man følger debatten derhjemme, så kan man godt få indtryk af, at det her er en ren ekspeditionssag og at vi er enige i Folketinget. Det sidste vil jeg bekræfte. Jeg tror, vi er enige, at selvfølgelig opdaterer vi listen over lande på den danske defensive forudstaltninger i forhold til skattely, når EU's skattely-liste også gør det. Men jeg vil lige knytte et par ord til EU's skattely eller liste over skattelylanden. Dels fordi listen er mangelfuld, og dels fordi, at selvom det må eller vil have konsekvenser for europæiske virksomheder, som har investeret i det land, så er man nødt til at gennemføre sanktionerne, for at vi dermed kan presse verdens lande mod større skatteåbenhed og undgå skattelykonstruktioner. Skattelykoster samlede verden over 2.000 milliarder. Der er forskellige estimater, men det er store beløb, der er i skattely, og som undslår sig blandet den danske skatteopkrævning, men jo også skatteopkrævningen i en række af verdens udviklingslande. Så det, at vi stadig har skattely, som snylder på den samlede skattebetaling, det er dybt problematisk, og derfor er det afgørende, at man gennemfører de sanktioner, der følger med EU's skattelyliste. Det andet er jo så, at EU's liste desværre er stærkt mangelfuld. Og det er den først og fremmest, fordi europæiske lande ikke kan optræde på skattely-listen, selvom vi ved fra utallige læg, at der er klare skattely i Europa. Man kan nævne Luxemburg som et af dem. Det er lande, som slår sig op på at sikre, at virksomheder betaler en for lav skat, ikke udveksler skatteoplysninger med andre europæiske skattemyndigheder, og som derfor på alle måder lever op til kravene til at være på listen over skattely-landet. Det bør ændres. Det kan vi ikke gøre her for Folketinget. Det er et spørgsmål i EU, men det er problematisk. På samme måde ved vi også, at der er en række skattely uden for EU, som heller ikke er opført på listen. Det er skattely som Cayman Island og Bermuda, som har utallige læg og utallige eksempler på, at der bliver spekuleret i skat. Så ISF så støtter vi selvfølgelig, at vi opdaterer den danske lovgivning i forhold til hver for nogle lande, der skal have sanktioner. Det indbefatter, som ordføreren for Venstre, her Kim Wallentin, siger selvfølgelig også, at de lande, der nu lever op til kravene, bliver flyttet ud af dem, der skal have sanktioner. Og samtidig så er vi stadig kritiske over, for at EU's skattelysliste ikke er fyldt skør.",Sigurd Agersnap_video_41_start_2-35-17
" Beslutningsforslaget, som vi skal drøfte i dag, er både relevant og nødvendigt. Vores nuværende viden om gærdningspersoner i voldtagssager samler fra en undersøgelse tilbage fra 2009. Det er lidt ligesom at bruge en gammel mobiltelefon i en verden af smartphones. Det virker bare ikke længere. Der er sket en markant stigning af antallet af anmeldte voldtagssager, og vores samfund har ændret sig siden 2009. Vi har nye love som Samtykkeloven fra 2020, og MeToo-bevægelsen har også haft stor indflydelse. Det betyder, at vores nuværende tilgang baseret på det gamle data simpelthen ikke er opdateret nok. Vi har brug for at forstå, hvem gerningspersonerne er i dag og hvad der driver dem. Med en stigende kompleksitet og ændringer i anmeldelsesmønstre er det nødvendigt at få en opdateret vurdering af situationen. Det handler ikke bare om statistikker, det handler om at beskytte vores samfund bedst muligt. Nu nævnte jeg samtykkeloven tidligere, og den er også vigtig i denne sammenhæng. Vi kan ikke ignorere, hvordan indførelsen af samtykkeloven i 2020 har påvirket antallet af anmeldelser af voldtægtssager. Samtykkeloven var en milepæle, der ændrede den måde, vi ser og definerer voldtægt på. Men med forandring så kommer udfordringer. Undersøgelser har vist, at fire ud af ti unge mænd har svært ved at afgøre, om der er det fornødende samtykke til sex siden loven trådte i kraft. Det betyder, at samtykkeloven ikke kun har ændret spillereglerne for retsforfølgelse, men den har også skabt en vis usikkerhed og forvirring omkring samtykke. Derfor er det afgørende, at vi forstår, hvordan samtykkeloven har formet dynamikken i anmeldelsesmønster, så vi kan tilpasse vores tilgang til at håndtere voldsægssager. En ny undersøgelse vil give os nødvendig indsigt og bidrage til at sikre, at lovgivningen ikke blot er et stykke papir, men også en effektiv vejledning for retfærdigheden. Som jeg det sagt, så støtter Danmarks Demokrater naturligvis forslaget. Og der er ingen kort bemærkninger. Tak, chef. Publikin og Kasper.",Betina Kastbjerg_video_44_start_4-22-20
